connector,pin,manual_signal,fpga_name,package_pin,bank,source,status,net,direction,rtl_port,binding,safe_level,vcco,io_standard,harness,deployment
J10,1,GND,-,-,,MANUAL_V3 p29,DOCUMENTED_NOT_ELECTRICALLY_MEASURED,SIGNAL_GND,GROUND,,CONTROLLED_REFERENCE_RETURN,GROUND,N_A,N_A,CENTRAL_J10.1,HOLD
J10,2,+5V,-,-,,MANUAL_V3 p29,DOCUMENTED_NOT_ELECTRICALLY_MEASURED,NC_AX7020_5V,NC_POWER,,NO_CONNECT,ISOLATED,N_A,N_A,CENTRAL_J10.2,HOLD
J10,3,EX_IO1_1N,IO_L22N_T3_34,W19,34,MANUAL_V3 p29,DOCUMENTED_NOT_ELECTRICALLY_MEASURED,TX_DATA_UP[0],OUT,serial_data[0],DIRECT_LOGICAL_PORT,LOW,NOT_MEASURED_DEFAULT_3V3_MANUAL,LVCMOS33_REVIEW_ONLY,CENTRAL_J10.3,HOLD
J10,4,EX_IO1_1P,IO_L22P_T3_34,W18,34,MANUAL_V3 p29,DOCUMENTED_NOT_ELECTRICALLY_MEASURED,TX_DATA_UP[1],OUT,serial_data[1],DIRECT_LOGICAL_PORT,LOW,NOT_MEASURED_DEFAULT_3V3_MANUAL,LVCMOS33_REVIEW_ONLY,CENTRAL_J10.4,HOLD
J10,5,EX_IO1_2N,IO_L6N_T0_34,R14,34,MANUAL_V3 p29,DOCUMENTED_NOT_ELECTRICALLY_MEASURED,TX_DATA_UP[2],OUT,serial_data[2],DIRECT_LOGICAL_PORT,LOW,NOT_MEASURED_DEFAULT_3V3_MANUAL,LVCMOS33_REVIEW_ONLY,CENTRAL_J10.5,HOLD
J10,6,EX_IO1_2P,IO_L6P_T0_34,P14,34,MANUAL_V3 p29,DOCUMENTED_NOT_ELECTRICALLY_MEASURED,TX_DATA_UP[3],OUT,serial_data[3],DIRECT_LOGICAL_PORT,LOW,NOT_MEASURED_DEFAULT_3V3_MANUAL,LVCMOS33_REVIEW_ONLY,CENTRAL_J10.6,HOLD
J10,7,EX_IO1_3N,IO_L7N_T1_34,Y17,34,MANUAL_V3 p29,DOCUMENTED_NOT_ELECTRICALLY_MEASURED,TX_DATA_UP[4],OUT,serial_data[4],DIRECT_LOGICAL_PORT,LOW,NOT_MEASURED_DEFAULT_3V3_MANUAL,LVCMOS33_REVIEW_ONLY,CENTRAL_J10.7,HOLD
J10,8,EX_IO1_3P,IO_L7P_T1_34,Y16,34,MANUAL_V3 p29,DOCUMENTED_NOT_ELECTRICALLY_MEASURED,TX_DATA_UP[5],OUT,serial_data[5],DIRECT_LOGICAL_PORT,LOW,NOT_MEASURED_DEFAULT_3V3_MANUAL,LVCMOS33_REVIEW_ONLY,CENTRAL_J10.8,HOLD
J10,9,EX_IO1_4N,IO_L10N_T1_34,W15,34,MANUAL_V3 p29,DOCUMENTED_NOT_ELECTRICALLY_MEASURED,TX_DATA_UP[6],OUT,serial_data[6],DIRECT_LOGICAL_PORT,LOW,NOT_MEASURED_DEFAULT_3V3_MANUAL,LVCMOS33_REVIEW_ONLY,CENTRAL_J10.9,HOLD
J10,10,EX_IO1_4P,IO_L10P_T1_34,V15,34,MANUAL_V3 p29,DOCUMENTED_NOT_ELECTRICALLY_MEASURED,TX_DATA_UP[7],OUT,serial_data[7],DIRECT_LOGICAL_PORT,LOW,NOT_MEASURED_DEFAULT_3V3_MANUAL,LVCMOS33_REVIEW_ONLY,CENTRAL_J10.10,HOLD
J10,11,EX_IO1_5N,IO_L8N_T1_34,Y14,34,MANUAL_V3 p29,DOCUMENTED_NOT_ELECTRICALLY_MEASURED,TX_DATA_UP[8],OUT,serial_data[8],DIRECT_LOGICAL_PORT,LOW,NOT_MEASURED_DEFAULT_3V3_MANUAL,LVCMOS33_REVIEW_ONLY,CENTRAL_J10.11,HOLD
J10,12,EX_IO1_5P,IO_L8P_T1_34,W14,34,MANUAL_V3 p29,DOCUMENTED_NOT_ELECTRICALLY_MEASURED,TX_DATA_UP[9],OUT,serial_data[9],DIRECT_LOGICAL_PORT,LOW,NOT_MEASURED_DEFAULT_3V3_MANUAL,LVCMOS33_REVIEW_ONLY,CENTRAL_J10.12,HOLD
J10,13,EX_IO1_6N,IO_L23N_T3_34,P18,34,MANUAL_V3 p29,DOCUMENTED_NOT_ELECTRICALLY_MEASURED,TX_DATA_UP[10],OUT,serial_data[10],DIRECT_LOGICAL_PORT,LOW,NOT_MEASURED_DEFAULT_3V3_MANUAL,LVCMOS33_REVIEW_ONLY,CENTRAL_J10.13,HOLD
J10,14,EX_IO1_6P,IO_L23P_T3_34,N17,34,MANUAL_V3 p29,DOCUMENTED_NOT_ELECTRICALLY_MEASURED,TX_DATA_UP[11],OUT,serial_data[11],DIRECT_LOGICAL_PORT,LOW,NOT_MEASURED_DEFAULT_3V3_MANUAL,LVCMOS33_REVIEW_ONLY,CENTRAL_J10.14,HOLD
J10,15,EX_IO1_7N,IO_L11N_T1_34,U15,34,MANUAL_V3 p29,DOCUMENTED_NOT_ELECTRICALLY_MEASURED,TX_DATA_UP[12],OUT,serial_data[12],DIRECT_LOGICAL_PORT,LOW,NOT_MEASURED_DEFAULT_3V3_MANUAL,LVCMOS33_REVIEW_ONLY,CENTRAL_J10.15,HOLD
J10,16,EX_IO1_7P,IO_L11P_T1_34,U14,34,MANUAL_V3 p29,DOCUMENTED_NOT_ELECTRICALLY_MEASURED,TX_DATA_UP[13],OUT,serial_data[13],DIRECT_LOGICAL_PORT,LOW,NOT_MEASURED_DEFAULT_3V3_MANUAL,LVCMOS33_REVIEW_ONLY,CENTRAL_J10.16,HOLD
J10,17,EX_IO1_8N,IO_L24N_T3_34,P16,34,MANUAL_V3 p29,DOCUMENTED_NOT_ELECTRICALLY_MEASURED,TX_DATA_UP[14],OUT,serial_data[14],DIRECT_LOGICAL_PORT,LOW,NOT_MEASURED_DEFAULT_3V3_MANUAL,LVCMOS33_REVIEW_ONLY,CENTRAL_J10.17,HOLD
J10,18,EX_IO1_8P,IO_L24P_T3_34,P15,34,MANUAL_V3 p29,DOCUMENTED_NOT_ELECTRICALLY_MEASURED,TX_DATA_UP[15],OUT,serial_data[15],DIRECT_LOGICAL_PORT,LOW,NOT_MEASURED_DEFAULT_3V3_MANUAL,LVCMOS33_REVIEW_ONLY,CENTRAL_J10.18,HOLD
J10,19,EX_IO1_9N,IO_L9N _T1_34,U17,34,MANUAL_V3 p29,DOCUMENTED_NOT_ELECTRICALLY_MEASURED,UP_SRCLK,OUT,shift_clock,SHARED_PORT_FANOUT_BUFFER_REQUIRED,LOW,NOT_MEASURED_DEFAULT_3V3_MANUAL,LVCMOS33_REVIEW_ONLY,CENTRAL_J10.19,HOLD
J10,20,EX_IO1_9P,IO_L9P_T1_34,T16,34,MANUAL_V3 p30,DOCUMENTED_NOT_ELECTRICALLY_MEASURED,UP_RCLK,OUT,latch_clock,SHARED_PORT_FANOUT_BUFFER_REQUIRED,LOW,NOT_MEASURED_DEFAULT_3V3_MANUAL,LVCMOS33_REVIEW_ONLY,CENTRAL_J10.20,HOLD
J10,21,EX_IO1_10N,IO_L21_N_T3_34,V18,34,MANUAL_V3 p30,DOCUMENTED_NOT_ELECTRICALLY_MEASURED,UP_OE_N,OUT,output_disable,SAME_LEVEL_ACTIVE_HIGH_DISABLE_NO_INVERSION,HIGH_DISABLE,NOT_MEASURED_DEFAULT_3V3_MANUAL,LVCMOS33_REVIEW_ONLY,CENTRAL_J10.21,HOLD
J10,22,EX_IO1_10P,IO_L21_P_T3_34,V17,34,MANUAL_V3 p30,DOCUMENTED_NOT_ELECTRICALLY_MEASURED,UP_RESET_N,OUT,,NOT_EXPOSED_BY_CURRENT_TOP_REVIEW_REQUIRED,LOW,NOT_MEASURED_DEFAULT_3V3_MANUAL,LVCMOS33_REVIEW_ONLY,CENTRAL_J10.22,HOLD
J10,23,EX_IO1_11N,IO_L5N_T0_34,T15,34,MANUAL_V3 p30,DOCUMENTED_NOT_ELECTRICALLY_MEASURED,UP_SYNC,OUT,,NOT_EXPOSED_BY_CURRENT_TOP_REVIEW_REQUIRED,LOW,NOT_MEASURED_DEFAULT_3V3_MANUAL,LVCMOS33_REVIEW_ONLY,CENTRAL_J10.23,HOLD
J10,24,EX_IO1_11P,IO_L5P_T0_34,T14,34,MANUAL_V3 p30,DOCUMENTED_NOT_ELECTRICALLY_MEASURED,UP_RX_BLANK,OUT,rx_blank[0],DIRECT_LOGICAL_PORT,HIGH_BLANK,NOT_MEASURED_DEFAULT_3V3_MANUAL,LVCMOS33_REVIEW_ONLY,CENTRAL_J10.24,HOLD
J10,25,EX_IO1_12N,IO_L3N_T0_34,V13,34,MANUAL_V3 p30,DOCUMENTED_NOT_ELECTRICALLY_MEASURED,UP_HEARTBEAT,OUT,heartbeat,SHARED_PORT_FANOUT_BUFFER_REQUIRED,LOW,NOT_MEASURED_DEFAULT_3V3_MANUAL,LVCMOS33_REVIEW_ONLY,CENTRAL_J10.25,HOLD
J10,26,EX_IO1_12P,IO_L3P_T0_34,U13,34,MANUAL_V3 p30,DOCUMENTED_NOT_ELECTRICALLY_MEASURED,UP_PGOOD,IN,health[1],DIRECT_LOGICAL_PORT,LOW_FAULT,NOT_MEASURED_DEFAULT_3V3_MANUAL,LVCMOS33_REVIEW_ONLY,CENTRAL_J10.26,HOLD
J10,27,EX_IO1_13N,IO_L4N_T0_34,W13,34,MANUAL_V3 p30,DOCUMENTED_NOT_ELECTRICALLY_MEASURED,UP_FAULT_N,IN,,HARDWARE_FAULT_AGGREGATION_TO_HEALTH_REQUIRED,LOW_FAULT,NOT_MEASURED_DEFAULT_3V3_MANUAL,LVCMOS33_REVIEW_ONLY,CENTRAL_J10.27,HOLD
J10,28,EX_IO1_13P,IO_L4P_T0_34,V12,34,MANUAL_V3 p30,DOCUMENTED_NOT_ELECTRICALLY_MEASURED,ADC_DOUT[0],IN,adc_dout[0],DIRECT_LOGICAL_PORT,LOW,NOT_MEASURED_DEFAULT_3V3_MANUAL,LVCMOS33_REVIEW_ONLY,CENTRAL_J10.28,HOLD
J10,29,EX_IO1_14N,IO_L2N_T0_34,U12,34,MANUAL_V3 p30,DOCUMENTED_NOT_ELECTRICALLY_MEASURED,ADC_DOUT[1],IN,adc_dout[1],DIRECT_LOGICAL_PORT,LOW,NOT_MEASURED_DEFAULT_3V3_MANUAL,LVCMOS33_REVIEW_ONLY,CENTRAL_J10.29,HOLD
J10,30,EX_IO1_14P,IO_L2P_T0_34,T12,34,MANUAL_V3 p30,DOCUMENTED_NOT_ELECTRICALLY_MEASURED,ADC_DOUT[2],IN,adc_dout[2],DIRECT_LOGICAL_PORT,LOW,NOT_MEASURED_DEFAULT_3V3_MANUAL,LVCMOS33_REVIEW_ONLY,CENTRAL_J10.30,HOLD
J10,31,EX_IO1_15N,IO_L1N_T0_34,T10,34,MANUAL_V3 p30,DOCUMENTED_NOT_ELECTRICALLY_MEASURED,ADC_DOUT[3],IN,adc_dout[3],DIRECT_LOGICAL_PORT,LOW,NOT_MEASURED_DEFAULT_3V3_MANUAL,LVCMOS33_REVIEW_ONLY,CENTRAL_J10.31,HOLD
J10,32,EX_IO1_15P,IO_L1P_T0_34,T11,34,MANUAL_V3 p30,DOCUMENTED_NOT_ELECTRICALLY_MEASURED,ADC_BUSY,IN,adc_busy,DIRECT_LOGICAL_PORT,LOW,NOT_MEASURED_DEFAULT_3V3_MANUAL,LVCMOS33_REVIEW_ONLY,CENTRAL_J10.32,HOLD
J10,33,EX_IO1_16N,IO_L2N_T0_35,A20,35,MANUAL_V3 p30,DOCUMENTED_NOT_ELECTRICALLY_MEASURED,ADC_SCLK,OUT,adc_sclk,DIRECT_LOGICAL_PORT,LOW,NOT_MEASURED_DEFAULT_3V3_MANUAL,LVCMOS33_REVIEW_ONLY,CENTRAL_J10.33,HOLD
J10,34,EX_IO1_16P,IO_L2P_T0_35,B19,35,MANUAL_V3 p30,DOCUMENTED_NOT_ELECTRICALLY_MEASURED,ADC_CONVST,OUT,adc_convst,DIRECT_LOGICAL_PORT,LOW,NOT_MEASURED_DEFAULT_3V3_MANUAL,LVCMOS33_REVIEW_ONLY,CENTRAL_J10.34,HOLD
J10,35,EX_IO1_17N,IO_L1N_T0_35,B20,35,MANUAL_V3 p30,DOCUMENTED_NOT_ELECTRICALLY_MEASURED,ADC_CS_N,OUT,adc_cs_n,DIRECT_LOGICAL_PORT,HIGH,NOT_MEASURED_DEFAULT_3V3_MANUAL,LVCMOS33_REVIEW_ONLY,CENTRAL_J10.35,HOLD
J10,36,EX_IO1_17P,IO_L1P_T0_35,C20,35,MANUAL_V3 p30,DOCUMENTED_NOT_ELECTRICALLY_MEASURED,ADC_SDI,OUT,adc_sdi,DIRECT_LOGICAL_PORT,LOW,NOT_MEASURED_DEFAULT_3V3_MANUAL,LVCMOS33_REVIEW_ONLY,CENTRAL_J10.36,HOLD
J10,37,GND,-,-,,MANUAL_V3 p30,DOCUMENTED_NOT_ELECTRICALLY_MEASURED,SIGNAL_GND,GROUND,,CONTROLLED_REFERENCE_RETURN,GROUND,N_A,N_A,CENTRAL_J10.37,HOLD
J10,38,GND,-,-,,MANUAL_V3 p30,DOCUMENTED_NOT_ELECTRICALLY_MEASURED,SIGNAL_GND,GROUND,,CONTROLLED_REFERENCE_RETURN,GROUND,N_A,N_A,CENTRAL_J10.38,HOLD
J10,39,+3.3V,-,-,,MANUAL_V3 p30,DOCUMENTED_NOT_ELECTRICALLY_MEASURED,NC_AX7020_3V3,NC_POWER,,NO_CONNECT,ISOLATED,N_A,N_A,CENTRAL_J10.39,HOLD
J10,40,+3.3V,-,-,,MANUAL_V3 p30,DOCUMENTED_NOT_ELECTRICALLY_MEASURED,NC_AX7020_3V3,NC_POWER,,NO_CONNECT,ISOLATED,N_A,N_A,CENTRAL_J10.40,HOLD
J11,1,GND,-,-,,MANUAL_V3 p31,DOCUMENTED_NOT_ELECTRICALLY_MEASURED,SIGNAL_GND,GROUND,,CONTROLLED_REFERENCE_RETURN,GROUND,N_A,N_A,CENTRAL_J11.1,HOLD
J11,2,+5V,-,-,,MANUAL_V3 p31,DOCUMENTED_NOT_ELECTRICALLY_MEASURED,NC_AX7020_5V,NC_POWER,,NO_CONNECT,ISOLATED,N_A,N_A,CENTRAL_J11.2,HOLD
J11,3,EX_IO2_1N,IO_L6N_T0_35,F17,35,MANUAL_V3 p31,DOCUMENTED_NOT_ELECTRICALLY_MEASURED,TX_DATA_DN[0],OUT,serial_data[16],DIRECT_LOGICAL_PORT,LOW,NOT_MEASURED_DEFAULT_3V3_MANUAL,LVCMOS33_REVIEW_ONLY,CENTRAL_J11.3,HOLD
J11,4,EX_IO2_1P,IO_L6P_T0_35,F16,35,MANUAL_V3 p31,DOCUMENTED_NOT_ELECTRICALLY_MEASURED,TX_DATA_DN[1],OUT,serial_data[17],DIRECT_LOGICAL_PORT,LOW,NOT_MEASURED_DEFAULT_3V3_MANUAL,LVCMOS33_REVIEW_ONLY,CENTRAL_J11.4,HOLD
J11,5,EX_IO2_2N,IO_L15N_T2_35,F20,35,MANUAL_V3 p31,DOCUMENTED_NOT_ELECTRICALLY_MEASURED,TX_DATA_DN[2],OUT,serial_data[18],DIRECT_LOGICAL_PORT,LOW,NOT_MEASURED_DEFAULT_3V3_MANUAL,LVCMOS33_REVIEW_ONLY,CENTRAL_J11.5,HOLD
J11,6,EX_IO2_2P,IO_L15P_T2_35,F19,35,MANUAL_V3 p31,DOCUMENTED_NOT_ELECTRICALLY_MEASURED,TX_DATA_DN[3],OUT,serial_data[19],DIRECT_LOGICAL_PORT,LOW,NOT_MEASURED_DEFAULT_3V3_MANUAL,LVCMOS33_REVIEW_ONLY,CENTRAL_J11.6,HOLD
J11,7,EX_IO2_3N,IO_L18N_T2_35,G20,35,MANUAL_V3 p31,DOCUMENTED_NOT_ELECTRICALLY_MEASURED,TX_DATA_DN[4],OUT,serial_data[20],DIRECT_LOGICAL_PORT,LOW,NOT_MEASURED_DEFAULT_3V3_MANUAL,LVCMOS33_REVIEW_ONLY,CENTRAL_J11.7,HOLD
J11,8,EX_IO2_3P,IO_L18P_T2_35,G19,35,MANUAL_V3 p31,DOCUMENTED_NOT_ELECTRICALLY_MEASURED,TX_DATA_DN[5],OUT,serial_data[21],DIRECT_LOGICAL_PORT,LOW,NOT_MEASURED_DEFAULT_3V3_MANUAL,LVCMOS33_REVIEW_ONLY,CENTRAL_J11.8,HOLD
J11,9,EX_IO2_4N,IO_L14N_T2_35,H18,35,MANUAL_V3 p31,DOCUMENTED_NOT_ELECTRICALLY_MEASURED,TX_DATA_DN[6],OUT,serial_data[22],DIRECT_LOGICAL_PORT,LOW,NOT_MEASURED_DEFAULT_3V3_MANUAL,LVCMOS33_REVIEW_ONLY,CENTRAL_J11.9,HOLD
J11,10,EX_IO2_4P,IO_L14P_T2_35,J18,35,MANUAL_V3 p31,DOCUMENTED_NOT_ELECTRICALLY_MEASURED,TX_DATA_DN[7],OUT,serial_data[23],DIRECT_LOGICAL_PORT,LOW,NOT_MEASURED_DEFAULT_3V3_MANUAL,LVCMOS33_REVIEW_ONLY,CENTRAL_J11.10,HOLD
J11,11,EX_IO2_5N,IO_L9N_T1_35,L20,35,MANUAL_V3 p31,DOCUMENTED_NOT_ELECTRICALLY_MEASURED,TX_DATA_DN[8],OUT,serial_data[24],DIRECT_LOGICAL_PORT,LOW,NOT_MEASURED_DEFAULT_3V3_MANUAL,LVCMOS33_REVIEW_ONLY,CENTRAL_J11.11,HOLD
J11,12,EX_IO2_5P,IO_L9P_T1_35,L19,35,MANUAL_V3 p31,DOCUMENTED_NOT_ELECTRICALLY_MEASURED,TX_DATA_DN[9],OUT,serial_data[25],DIRECT_LOGICAL_PORT,LOW,NOT_MEASURED_DEFAULT_3V3_MANUAL,LVCMOS33_REVIEW_ONLY,CENTRAL_J11.12,HOLD
J11,13,EX_IO2_6N,IO_L7N_T1_35,M20,35,MANUAL_V3 p31,DOCUMENTED_NOT_ELECTRICALLY_MEASURED,TX_DATA_DN[10],OUT,serial_data[26],DIRECT_LOGICAL_PORT,LOW,NOT_MEASURED_DEFAULT_3V3_MANUAL,LVCMOS33_REVIEW_ONLY,CENTRAL_J11.13,HOLD
J11,14,EX_IO2_6P,IO_L7P_T1_35,M19,35,MANUAL_V3 p31,DOCUMENTED_NOT_ELECTRICALLY_MEASURED,TX_DATA_DN[11],OUT,serial_data[27],DIRECT_LOGICAL_PORT,LOW,NOT_MEASURED_DEFAULT_3V3_MANUAL,LVCMOS33_REVIEW_ONLY,CENTRAL_J11.14,HOLD
J11,15,EX_IO2_7N,IO_L12N_T1_35,K18,35,MANUAL_V3 p31,DOCUMENTED_NOT_ELECTRICALLY_MEASURED,TX_DATA_DN[12],OUT,serial_data[28],DIRECT_LOGICAL_PORT,LOW,NOT_MEASURED_DEFAULT_3V3_MANUAL,LVCMOS33_REVIEW_ONLY,CENTRAL_J11.15,HOLD
J11,16,EX_IO2_7P,IO_L12P_T1_35,K17,35,MANUAL_V3 p32,DOCUMENTED_NOT_ELECTRICALLY_MEASURED,TX_DATA_DN[13],OUT,serial_data[29],DIRECT_LOGICAL_PORT,LOW,NOT_MEASURED_DEFAULT_3V3_MANUAL,LVCMOS33_REVIEW_ONLY,CENTRAL_J11.16,HOLD
J11,17,EX_IO2_8N,IO_L10N_T1_35,J19,35,MANUAL_V3 p32,DOCUMENTED_NOT_ELECTRICALLY_MEASURED,TX_DATA_DN[14],OUT,serial_data[30],DIRECT_LOGICAL_PORT,LOW,NOT_MEASURED_DEFAULT_3V3_MANUAL,LVCMOS33_REVIEW_ONLY,CENTRAL_J11.17,HOLD
J11,18,EX_IO2_8P,IO_L10P_T1_35,K19,35,MANUAL_V3 p32,DOCUMENTED_NOT_ELECTRICALLY_MEASURED,TX_DATA_DN[15],OUT,serial_data[31],DIRECT_LOGICAL_PORT,LOW,NOT_MEASURED_DEFAULT_3V3_MANUAL,LVCMOS33_REVIEW_ONLY,CENTRAL_J11.18,HOLD
J11,19,EX_IO2_9N,IO_L17N_T2_35,H20,35,MANUAL_V3 p32,DOCUMENTED_NOT_ELECTRICALLY_MEASURED,DN_SRCLK,OUT,shift_clock,SHARED_PORT_FANOUT_BUFFER_REQUIRED,LOW,NOT_MEASURED_DEFAULT_3V3_MANUAL,LVCMOS33_REVIEW_ONLY,CENTRAL_J11.19,HOLD
J11,20,EX_IO2_9P,IO_L17P_T2_35,J20,35,MANUAL_V3 p32,DOCUMENTED_NOT_ELECTRICALLY_MEASURED,DN_RCLK,OUT,latch_clock,SHARED_PORT_FANOUT_BUFFER_REQUIRED,LOW,NOT_MEASURED_DEFAULT_3V3_MANUAL,LVCMOS33_REVIEW_ONLY,CENTRAL_J11.20,HOLD
J11,21,EX_IO2_10N,IO_L11N_T1_35,L17,35,MANUAL_V3 p32,DOCUMENTED_NOT_ELECTRICALLY_MEASURED,DN_OE_N,OUT,output_disable,SAME_LEVEL_ACTIVE_HIGH_DISABLE_NO_INVERSION,HIGH_DISABLE,NOT_MEASURED_DEFAULT_3V3_MANUAL,LVCMOS33_REVIEW_ONLY,CENTRAL_J11.21,HOLD
J11,22,EX_IO2_10P,IO_L11P_T1_35,L16,35,MANUAL_V3 p32,DOCUMENTED_NOT_ELECTRICALLY_MEASURED,DN_RESET_N,OUT,,NOT_EXPOSED_BY_CURRENT_TOP_REVIEW_REQUIRED,LOW,NOT_MEASURED_DEFAULT_3V3_MANUAL,LVCMOS33_REVIEW_ONLY,CENTRAL_J11.22,HOLD
J11,23,EX_IO2_11N,IO_L8N_T1_35,M18,35,MANUAL_V3 p32,DOCUMENTED_NOT_ELECTRICALLY_MEASURED,DN_SYNC,OUT,,NOT_EXPOSED_BY_CURRENT_TOP_REVIEW_REQUIRED,LOW,NOT_MEASURED_DEFAULT_3V3_MANUAL,LVCMOS33_REVIEW_ONLY,CENTRAL_J11.23,HOLD
J11,24,EX_IO2_11P,IO_L8P_T1_35,M17,35,MANUAL_V3 p32,DOCUMENTED_NOT_ELECTRICALLY_MEASURED,DN_RX_BLANK,OUT,rx_blank[1],DIRECT_LOGICAL_PORT,HIGH_BLANK,NOT_MEASURED_DEFAULT_3V3_MANUAL,LVCMOS33_REVIEW_ONLY,CENTRAL_J11.24,HOLD
J11,25,EX_IO2_12N,IO_L4N_T0_35,D20,35,MANUAL_V3 p32,DOCUMENTED_NOT_ELECTRICALLY_MEASURED,DN_HEARTBEAT,OUT,heartbeat,SHARED_PORT_FANOUT_BUFFER_REQUIRED,LOW,NOT_MEASURED_DEFAULT_3V3_MANUAL,LVCMOS33_REVIEW_ONLY,CENTRAL_J11.25,HOLD
J11,26,EX_IO2_12P,IO_L4P_T0_35,D19,35,MANUAL_V3 p32,DOCUMENTED_NOT_ELECTRICALLY_MEASURED,DN_PGOOD,IN,health[2],DIRECT_LOGICAL_PORT,LOW_FAULT,NOT_MEASURED_DEFAULT_3V3_MANUAL,LVCMOS33_REVIEW_ONLY,CENTRAL_J11.26,HOLD
J11,27,EX_IO2_13N,IO_L5N_T0_35,E19,35,MANUAL_V3 p32,DOCUMENTED_NOT_ELECTRICALLY_MEASURED,DN_FAULT_N,IN,,HARDWARE_FAULT_AGGREGATION_TO_HEALTH_REQUIRED,LOW_FAULT,NOT_MEASURED_DEFAULT_3V3_MANUAL,LVCMOS33_REVIEW_ONLY,CENTRAL_J11.27,HOLD
J11,28,EX_IO2_13P,IO_L5P_T0_35,E18,35,MANUAL_V3 p32,DOCUMENTED_NOT_ELECTRICALLY_MEASURED,ADC_RESET,OUT,adc_reset,ACTIVE_HIGH_RESET,HIGH_RESET,NOT_MEASURED_DEFAULT_3V3_MANUAL,LVCMOS33_REVIEW_ONLY,CENTRAL_J11.28,HOLD
J11,29,EX_IO2_14N,IO_L16N_T2_35,G18,35,MANUAL_V3 p32,DOCUMENTED_NOT_ELECTRICALLY_MEASURED,I2C_SCL,OPEN_DRAIN,,NEW_MUX_CONTROLLER_NOT_CONNECTED_TO_CURRENT_TOP,HIGH_Z,NOT_MEASURED_DEFAULT_3V3_MANUAL,LVCMOS33_REVIEW_ONLY,CENTRAL_J11.29,HOLD
J11,30,EX_IO2_14P,IO_L16P_T2_35,G17,35,MANUAL_V3 p32,DOCUMENTED_NOT_ELECTRICALLY_MEASURED,I2C_SDA,OPEN_DRAIN,,NEW_MUX_CONTROLLER_NOT_CONNECTED_TO_CURRENT_TOP,HIGH_Z,NOT_MEASURED_DEFAULT_3V3_MANUAL,LVCMOS33_REVIEW_ONLY,CENTRAL_J11.30,HOLD
J11,31,EX_IO2_15N,IO_L13N_T2_35,H17,35,MANUAL_V3 p32,DOCUMENTED_NOT_ELECTRICALLY_MEASURED,ESTOP_STATUS,IN,health[0],DIRECT_LOGICAL_PORT_NOT_SAFETY_CUTOFF,LOW_FAULT,NOT_MEASURED_DEFAULT_3V3_MANUAL,LVCMOS33_REVIEW_ONLY,CENTRAL_J11.31,HOLD
J11,32,EX_IO2_15P,IO_L13P_T2_35,H16,35,MANUAL_V3 p32,DOCUMENTED_NOT_ELECTRICALLY_MEASURED,SPARE[0],HIGH_Z,,UNCONNECTED,HIGH_Z,NOT_MEASURED_DEFAULT_3V3_MANUAL,LVCMOS33_REVIEW_ONLY,CENTRAL_J11.32,HOLD
J11,33,EX_IO2_16N,IO_L19N_T3_35,G15,35,MANUAL_V3 p32,DOCUMENTED_NOT_ELECTRICALLY_MEASURED,SPARE[1],HIGH_Z,,UNCONNECTED,HIGH_Z,NOT_MEASURED_DEFAULT_3V3_MANUAL,LVCMOS33_REVIEW_ONLY,CENTRAL_J11.33,HOLD
J11,34,EX_IO2_16P,IO_L19P_T3_35,H15,35,MANUAL_V3 p32,DOCUMENTED_NOT_ELECTRICALLY_MEASURED,SPARE[2],HIGH_Z,,UNCONNECTED,HIGH_Z,NOT_MEASURED_DEFAULT_3V3_MANUAL,LVCMOS33_REVIEW_ONLY,CENTRAL_J11.34,HOLD
J11,35,EX_IO2_17N,IO_L20N_T3_35,J14,35,MANUAL_V3 p32,DOCUMENTED_NOT_ELECTRICALLY_MEASURED,SPARE[3],HIGH_Z,,UNCONNECTED,HIGH_Z,NOT_MEASURED_DEFAULT_3V3_MANUAL,LVCMOS33_REVIEW_ONLY,CENTRAL_J11.35,HOLD
J11,36,EX_IO2_17P,IO_L20P_T3_35,K14,35,MANUAL_V3 p32,DOCUMENTED_NOT_ELECTRICALLY_MEASURED,SPARE[4],HIGH_Z,,UNCONNECTED,HIGH_Z,NOT_MEASURED_DEFAULT_3V3_MANUAL,LVCMOS33_REVIEW_ONLY,CENTRAL_J11.36,HOLD
J11,37,GND,-,-,,MANUAL_V3 p32,DOCUMENTED_NOT_ELECTRICALLY_MEASURED,SIGNAL_GND,GROUND,,CONTROLLED_REFERENCE_RETURN,GROUND,N_A,N_A,CENTRAL_J11.37,HOLD
J11,38,GND,-,-,,MANUAL_V3 p32,DOCUMENTED_NOT_ELECTRICALLY_MEASURED,SIGNAL_GND,GROUND,,CONTROLLED_REFERENCE_RETURN,GROUND,N_A,N_A,CENTRAL_J11.38,HOLD
J11,39,+3.3V,-,-,,MANUAL_V3 p32,DOCUMENTED_NOT_ELECTRICALLY_MEASURED,NC_AX7020_3V3,NC_POWER,,NO_CONNECT,ISOLATED,N_A,N_A,CENTRAL_J11.39,HOLD
J11,40,+3.3V,-,-,,MANUAL_V3 p33,DOCUMENTED_NOT_ELECTRICALLY_MEASURED,NC_AX7020_3V3,NC_POWER,,NO_CONNECT,ISOLATED,N_A,N_A,CENTRAL_J11.40,HOLD
