pin	pin_func	bank	is_bonded	is_general_purpose	is_clk_capable
A1	PS_DDR_DM0_502	502	1	0	0
A10	PS_MIO37_501	501	1	0	0
A11	PS_MIO36_501	501	1	0	0
A12	PS_MIO34_501	501	1	0	0
A13	VCCO_MIO1_501	501	0	0	0
A14	PS_MIO32_501	501	1	0	0
A15	PS_MIO26_501	501	1	0	0
A16	PS_MIO24_501	501	1	0	0
A17	PS_MIO20_501	501	1	0	0
A18	GND		0	0	0
A19	PS_MIO16_501	501	1	0	0
A2	PS_DDR_DQ2_502	502	1	0	0
A20	IO_L2N_T0_AD8N_35	35	1	1	0
A3	VCCO_DDR_502	502	0	0	0
A4	PS_DDR_DQ3_502	502	1	0	0
A5	PS_MIO6_500	500	1	0	0
A6	PS_MIO5_500	500	1	0	0
A7	PS_MIO1_500	500	1	0	0
A8	GND		0	0	0
A9	PS_MIO43_501	501	1	0	0
B1	GND		0	0	0
B10	PS_SRST_B_501	501	1	0	0
B11	GND		0	0	0
B12	PS_MIO48_501	501	1	0	0
B13	PS_MIO50_501	501	1	0	0
B14	PS_MIO47_501	501	1	0	0
B15	PS_MIO45_501	501	1	0	0
B16	VCCO_MIO1_501	501	0	0	0
B17	PS_MIO22_501	501	1	0	0
B18	PS_MIO18_501	501	1	0	0
B19	IO_L2P_T0_AD8P_35	35	1	1	0
B2	PS_DDR_DQS_N0_502	502	1	0	0
B20	IO_L1N_T0_AD0N_35	35	1	1	0
B3	PS_DDR_DQ1_502	502	1	0	0
B4	PS_DDR_DRST_B_502	502	1	0	0
B5	PS_MIO9_500	500	1	0	0
B6	VCCO_MIO0_500	500	0	0	0
B7	PS_MIO4_500	500	1	0	0
B8	PS_MIO2_500	500	1	0	0
B9	PS_MIO51_501	501	1	0	0
C1	PS_DDR_DQ6_502	502	1	0	0
C10	PS_MIO52_501	501	1	0	0
C11	PS_MIO53_501	501	1	0	0
C12	PS_MIO49_501	501	1	0	0
C13	PS_MIO29_501	501	1	0	0
C14	GND		0	0	0
C15	PS_MIO30_501	501	1	0	0
C16	PS_MIO28_501	501	1	0	0
C17	PS_MIO41_501	501	1	0	0
C18	PS_MIO39_501	501	1	0	0
C19	VCCO_35	35	0	0	0
C2	PS_DDR_DQS_P0_502	502	1	0	0
C20	IO_L1P_T0_AD0P_35	35	1	1	0
C3	PS_DDR_DQ0_502	502	1	0	0
C4	GND		0	0	0
C5	PS_MIO14_500	500	1	0	0
C6	PS_MIO11_500	500	1	0	0
C7	PS_POR_B_500	500	1	0	0
C8	PS_MIO15_500	500	1	0	0
C9	GND		0	0	0
D1	PS_DDR_DQ5_502	502	1	0	0
D10	PS_MIO19_501	501	1	0	0
D11	PS_MIO23_501	501	1	0	0
D12	VCCO_MIO1_501	501	0	0	0
D13	PS_MIO27_501	501	1	0	0
D14	PS_MIO40_501	501	1	0	0
D15	PS_MIO33_501	501	1	0	0
D16	PS_MIO46_501	501	1	0	0
D17	GND		0	0	0
D18	IO_L3N_T0_DQS_AD1N_35	35	1	1	0
D19	IO_L4P_T0_35	35	1	1	0
D2	VCCO_DDR_502	502	0	0	0
D20	IO_L4N_T0_35	35	1	1	0
D3	PS_DDR_DQ4_502	502	1	0	0
D4	PS_DDR_A13_502	502	1	0	0
D5	PS_MIO8_500	500	1	0	0
D6	PS_MIO3_500	500	1	0	0
D7	VCCO_MIO0_500	500	0	0	0
D8	PS_MIO7_500	500	1	0	0
D9	PS_MIO12_500	500	1	0	0
E1	PS_DDR_DQ7_502	502	1	0	0
E10	GND		0	0	0
E11	PS_MIO_VREF_501	501	0	0	0
E12	PS_MIO42_501	501	1	0	0
E13	PS_MIO38_501	501	1	0	0
E14	PS_MIO17_501	501	1	0	0
E15	VCCO_MIO1_501	501	0	0	0
E16	PS_MIO31_501	501	1	0	0
E17	IO_L3P_T0_DQS_AD1P_35	35	1	1	0
E18	IO_L5P_T0_AD9P_35	35	1	1	0
E19	IO_L5N_T0_AD9N_35	35	1	1	0
E2	PS_DDR_DQ8_502	502	1	0	0
E20	GND		0	0	0
E3	PS_DDR_DQ9_502	502	1	0	0
E4	PS_DDR_A12_502	502	1	0	0
E5	VCCO_DDR_502	502	0	0	0
E6	PS_MIO0_500	500	1	0	0
E7	PS_CLK_500	500	1	0	0
E8	PS_MIO13_500	500	1	0	0
E9	PS_MIO10_500	500	1	0	0
F1	PS_DDR_DM1_502	502	1	0	0
F10	RSVDGND		0	0	0
F11	VCCBATT_0	0	0	0	0
F12	PS_MIO35_501	501	1	0	0
F13	PS_MIO44_501	501	1	0	0
F14	PS_MIO21_501	501	1	0	0
F15	PS_MIO25_501	501	1	0	0
F16	IO_L6P_T0_35	35	1	1	0
F17	IO_L6N_T0_VREF_35	35	1	1	0
F18	VCCO_35	35	0	0	0
F19	IO_L15P_T2_DQS_AD12P_35	35	1	1	0
F2	PS_DDR_DQS_N1_502	502	1	0	0
F20	IO_L15N_T2_DQS_AD12N_35	35	1	1	0
F3	GND		0	0	0
F4	PS_DDR_A14_502	502	1	0	0
F5	PS_DDR_A10_502	502	1	0	0
F6	TDO_0	0	0	0	0
F7	GND		0	0	0
F8	VCCPAUX		0	0	0
F9	TCK_0	0	0	0	0
G1	VCCO_DDR_502	502	0	0	0
G10	GND		0	0	0
G11	VCCBRAM		0	0	0
G12	GND		0	0	0
G13	VCCINT		0	0	0
G14	IO_0_35	35	1	1	0
G15	IO_L19N_T3_VREF_35	35	1	1	0
G16	GND		0	0	0
G17	IO_L16P_T2_35	35	1	1	0
G18	IO_L16N_T2_35	35	1	1	0
G19	IO_L18P_T2_AD13P_35	35	1	1	0
G2	PS_DDR_DQS_P1_502	502	1	0	0
G20	IO_L18N_T2_AD13N_35	35	1	1	0
G3	PS_DDR_DQ10_502	502	1	0	0
G4	PS_DDR_A11_502	502	1	0	0
G5	PS_DDR_VRN_502	502	1	0	0
G6	TDI_0	0	0	0	0
G7	VCCPINT		0	0	0
G8	VCCPLL		0	0	0
G9	VCCPAUX		0	0	0
H1	PS_DDR_DQ14_502	502	1	0	0
H10	VCCBRAM		0	0	0
H11	GND		0	0	0
H12	VCCINT		0	0	0
H13	GND		0	0	0
H14	VCCO_35	35	0	0	0
H15	IO_L19P_T3_35	35	1	1	0
H16	IO_L13P_T2_MRCC_35	35	1	1	1
H17	IO_L13N_T2_MRCC_35	35	1	1	1
H18	IO_L14N_T2_AD4N_SRCC_35	35	1	1	1
H19	GND		0	0	0
H2	PS_DDR_DQ13_502	502	1	0	0
H20	IO_L17N_T2_AD5N_35	35	1	1	0
H3	PS_DDR_DQ11_502	502	1	0	0
H4	VCCO_DDR_502	502	0	0	0
H5	PS_DDR_VRP_502	502	1	0	0
H6	PS_DDR_VREF0_502	502	0	0	0
H7	GND		0	0	0
H8	VCCPAUX		0	0	0
H9	GND		0	0	0
J1	PS_DDR_DQ15_502	502	1	0	0
J10	GNDADC_0	0	0	0	0
J11	VCCAUX		0	0	0
J12	GND		0	0	0
J13	VCCINT		0	0	0
J14	IO_L20N_T3_AD6N_35	35	1	1	0
J15	IO_25_35	35	1	1	0
J16	IO_L24N_T3_AD15N_35	35	1	1	0
J17	VCCO_35	35	0	0	0
J18	IO_L14P_T2_AD4P_SRCC_35	35	1	1	1
J19	IO_L10N_T1_AD11N_35	35	1	1	0
J2	GND		0	0	0
J20	IO_L17P_T2_AD5P_35	35	1	1	0
J3	PS_DDR_DQ12_502	502	1	0	0
J4	PS_DDR_A9_502	502	1	0	0
J5	PS_DDR_BA2_502	502	1	0	0
J6	TMS_0	0	0	0	0
J7	VCCPINT		0	0	0
J8	GND		0	0	0
J9	VCCADC_0	0	0	0	0
K1	PS_DDR_A8_502	502	1	0	0
K10	VREFN_0	0	0	0	0
K11	GND		0	0	0
K12	VCCINT		0	0	0
K13	GND		0	0	0
K14	IO_L20P_T3_AD6P_35	35	1	1	0
K15	GND		0	0	0
K16	IO_L24P_T3_AD15P_35	35	1	1	0
K17	IO_L12P_T1_MRCC_35	35	1	1	1
K18	IO_L12N_T1_MRCC_35	35	1	1	1
K19	IO_L10P_T1_AD11P_35	35	1	1	0
K2	PS_DDR_A1_502	502	1	0	0
K20	VCCO_35	35	0	0	0
K3	PS_DDR_A3_502	502	1	0	0
K4	PS_DDR_A7_502	502	1	0	0
K5	GND		0	0	0
K6	VCCO_0	0	0	0	0
K7	GND		0	0	0
K8	VCCPAUX		0	0	0
K9	VP_0	0	1	0	0
L1	PS_DDR_A5_502	502	1	0	0
L10	VN_0	0	1	0	0
L11	VCCAUX		0	0	0
L12	GND		0	0	0
L13	VCCINT		0	0	0
L14	IO_L22P_T3_AD7P_35	35	1	1	0
L15	IO_L22N_T3_AD7N_35	35	1	1	0
L16	IO_L11P_T1_SRCC_35	35	1	1	1
L17	IO_L11N_T1_SRCC_35	35	1	1	1
L18	GND		0	0	0
L19	IO_L9P_T1_DQS_AD3P_35	35	1	1	0
L2	PS_DDR_CKP_502	502	1	0	0
L20	IO_L9N_T1_DQS_AD3N_35	35	1	1	0
L3	VCCO_DDR_502	502	0	0	0
L4	PS_DDR_A6_502	502	1	0	0
L5	PS_DDR_BA0_502	502	1	0	0
L6	PROGRAM_B_0	0	0	0	0
L7	VCCPINT		0	0	0
L8	GND		0	0	0
L9	VREFP_0	0	0	0	0
M1	GND		0	0	0
M10	DXN_0	0	0	0	0
M11	GND		0	0	0
M12	VCCINT		0	0	0
M13	GND		0	0	0
M14	IO_L23P_T3_35	35	1	1	0
M15	IO_L23N_T3_35	35	1	1	0
M16	VCCO_35	35	0	0	0
M17	IO_L8P_T1_AD10P_35	35	1	1	0
M18	IO_L8N_T1_AD10N_35	35	1	1	0
M19	IO_L7P_T1_AD2P_35	35	1	1	0
M2	PS_DDR_CKN_502	502	1	0	0
M20	IO_L7N_T1_AD2N_35	35	1	1	0
M3	PS_DDR_A2_502	502	1	0	0
M4	PS_DDR_A4_502	502	1	0	0
M5	PS_DDR_WE_B_502	502	1	0	0
M6	CFGBVS_0	0	0	0	0
M7	GND		0	0	0
M8	VCCPAUX		0	0	0
M9	DXP_0	0	0	0	0
N1	PS_DDR_CS_B_502	502	1	0	0
N10	GND		0	0	0
N11	VCCAUX		0	0	0
N12	GND		0	0	0
N13	VCCINT		0	0	0
N14	GND		0	0	0
N15	IO_L21P_T3_DQS_AD14P_35	35	1	1	0
N16	IO_L21N_T3_DQS_AD14N_35	35	1	1	0
N17	IO_L23P_T3_34	34	1	1	0
N18	IO_L13P_T2_MRCC_34	34	1	1	1
N19	VCCO_34	34	0	0	0
N2	PS_DDR_A0_502	502	1	0	0
N20	IO_L14P_T2_SRCC_34	34	1	1	1
N3	PS_DDR_CKE_502	502	1	0	0
N4	GND		0	0	0
N5	PS_DDR_ODT_502	502	1	0	0
N6	RSVDVCC3		0	0	0
N7	VCCPINT		0	0	0
N8	GND		0	0	0
N9	VCCAUX		0	0	0
P1	PS_DDR_DQ16_502	502	1	0	0
P10	VCCAUX		0	0	0
P11	GND		0	0	0
P12	VCCINT		0	0	0
P13	GND		0	0	0
P14	IO_L6P_T0_34	34	1	1	0
P15	IO_L24P_T3_34	34	1	1	0
P16	IO_L24N_T3_34	34	1	1	0
P17	GND		0	0	0
P18	IO_L23N_T3_34	34	1	1	0
P19	IO_L13N_T2_MRCC_34	34	1	1	1
P2	VCCO_DDR_502	502	0	0	0
P20	IO_L14N_T2_SRCC_34	34	1	1	1
P3	PS_DDR_DQ17_502	502	1	0	0
P4	PS_DDR_RAS_B_502	502	1	0	0
P5	PS_DDR_CAS_B_502	502	1	0	0
P6	PS_DDR_VREF1_502	502	0	0	0
P7	GND		0	0	0
P8	VCCPINT		0	0	0
P9	GND		0	0	0
R1	PS_DDR_DQ19_502	502	1	0	0
R10	INIT_B_0	0	0	0	0
R11	DONE_0	0	0	0	0
R12	GND		0	0	0
R13	VCCINT		0	0	0
R14	IO_L6N_T0_VREF_34	34	1	1	0
R15	VCCO_34	34	0	0	0
R16	IO_L19P_T3_34	34	1	1	0
R17	IO_L19N_T3_VREF_34	34	1	1	0
R18	IO_L20N_T3_34	34	1	1	0
R19	IO_0_34	34	1	1	0
R2	PS_DDR_DQS_P2_502	502	1	0	0
R20	GND		0	0	0
R3	PS_DDR_DQ18_502	502	1	0	0
R4	PS_DDR_BA1_502	502	1	0	0
R5	VCCO_DDR_502	502	0	0	0
R6	RSVDVCC2		0	0	0
R7	VCCPINT		0	0	0
R8	GND		0	0	0
R9	VCCAUX		0	0	0
T1	PS_DDR_DM2_502	502	1	0	0
T10	IO_L1N_T0_34	34	1	1	0
T11	IO_L1P_T0_34	34	1	1	0
T12	IO_L2P_T0_34	34	1	1	0
T13	GND		0	0	0
T14	IO_L5P_T0_34	34	1	1	0
T15	IO_L5N_T0_34	34	1	1	0
T16	IO_L9P_T1_DQS_34	34	1	1	0
T17	IO_L20P_T3_34	34	1	1	0
T18	VCCO_34	34	0	0	0
T19	IO_25_34	34	1	1	0
T2	PS_DDR_DQS_N2_502	502	1	0	0
T20	IO_L15P_T2_DQS_34	34	1	1	0
T3	GND		0	0	0
T4	PS_DDR_DQ20_502	502	1	0	0
T5	IO_L19P_T3_13	13	1	1	0
T6	RSVDVCC1		0	0	0
T7	GND		0	0	0
T8	VCCO_13	13	0	0	0
T9	IO_L12P_T1_MRCC_13	13	1	1	1
U1	VCCO_DDR_502	502	0	0	0
U10	IO_L12N_T1_MRCC_13	13	1	1	1
U11	VCCO_13	13	0	0	0
U12	IO_L2N_T0_34	34	1	1	0
U13	IO_L3P_T0_DQS_PUDC_B_34	34	1	1	0
U14	IO_L11P_T1_SRCC_34	34	1	1	1
U15	IO_L11N_T1_SRCC_34	34	1	1	1
U16	GND		0	0	0
U17	IO_L9N_T1_DQS_34	34	1	1	0
U18	IO_L12P_T1_MRCC_34	34	1	1	1
U19	IO_L12N_T1_MRCC_34	34	1	1	1
U2	PS_DDR_DQ22_502	502	1	0	0
U20	IO_L15N_T2_DQS_34	34	1	1	0
U3	PS_DDR_DQ23_502	502	1	0	0
U4	PS_DDR_DQ21_502	502	1	0	0
U5	IO_L19N_T3_VREF_13	13	1	1	0
U6	GND		0	0	0
U7	IO_L11P_T1_SRCC_13	13	1	1	1
U8	IO_L17N_T2_13	13	1	1	0
U9	IO_L17P_T2_13	13	1	1	0
V1	PS_DDR_DQ24_502	502	1	0	0
V10	IO_L21N_T3_DQS_13	13	1	1	0
V11	IO_L21P_T3_DQS_13	13	1	1	0
V12	IO_L4P_T0_34	34	1	1	0
V13	IO_L3N_T0_DQS_34	34	1	1	0
V14	VCCO_34	34	0	0	0
V15	IO_L10P_T1_34	34	1	1	0
V16	IO_L18P_T2_34	34	1	1	0
V17	IO_L21P_T3_DQS_34	34	1	1	0
V18	IO_L21N_T3_DQS_34	34	1	1	0
V19	GND		0	0	0
V2	PS_DDR_DQ30_502	502	1	0	0
V20	IO_L16P_T2_34	34	1	1	0
V3	PS_DDR_DQ31_502	502	1	0	0
V4	VCCO_DDR_502	502	0	0	0
V5	IO_L6N_T0_VREF_13	13	1	1	0
V6	IO_L22P_T3_13	13	1	1	0
V7	IO_L11N_T1_SRCC_13	13	1	1	1
V8	IO_L15P_T2_DQS_13	13	1	1	0
V9	GND		0	0	0
W1	PS_DDR_DQ26_502	502	1	0	0
W10	IO_L16P_T2_13	13	1	1	0
W11	IO_L18P_T2_13	13	1	1	0
W12	GND		0	0	0
W13	IO_L4N_T0_34	34	1	1	0
W14	IO_L8P_T1_34	34	1	1	0
W15	IO_L10N_T1_34	34	1	1	0
W16	IO_L18N_T2_34	34	1	1	0
W17	VCCO_34	34	0	0	0
W18	IO_L22P_T3_34	34	1	1	0
W19	IO_L22N_T3_34	34	1	1	0
W2	GND		0	0	0
W20	IO_L16N_T2_34	34	1	1	0
W3	PS_DDR_DQ29_502	502	1	0	0
W4	PS_DDR_DQS_N3_502	502	1	0	0
W5	PS_DDR_DQS_P3_502	502	1	0	0
W6	IO_L22N_T3_13	13	1	1	0
W7	VCCO_13	13	0	0	0
W8	IO_L15N_T2_DQS_13	13	1	1	0
W9	IO_L16N_T2_13	13	1	1	0
Y1	PS_DDR_DM3_502	502	1	0	0
Y10	VCCO_13	13	0	0	0
Y11	IO_L18N_T2_13	13	1	1	0
Y12	IO_L20P_T3_13	13	1	1	0
Y13	IO_L20N_T3_13	13	1	1	0
Y14	IO_L8N_T1_34	34	1	1	0
Y15	GND		0	0	0
Y16	IO_L7P_T1_34	34	1	1	0
Y17	IO_L7N_T1_34	34	1	1	0
Y18	IO_L17P_T2_34	34	1	1	0
Y19	IO_L17N_T2_34	34	1	1	0
Y2	PS_DDR_DQ28_502	502	1	0	0
Y20	VCCO_34	34	0	0	0
Y3	PS_DDR_DQ25_502	502	1	0	0
Y4	PS_DDR_DQ27_502	502	1	0	0
Y5	GND		0	0	0
Y6	IO_L13N_T2_MRCC_13	13	1	1	1
Y7	IO_L13P_T2_MRCC_13	13	1	1	1
Y8	IO_L14N_T2_SRCC_13	13	1	1	1
Y9	IO_L14P_T2_SRCC_13	13	1	1	1
