path	status
E:/Codex_project/AMD_Sonofield/.portability/nextstage_clean_20261010/v5/rtl/sono_core.sv	CURRENT_V5_ONLY
E:/Codex_project/AMD_Sonofield/.portability/nextstage_clean_20261010/v5/rtl/sono_top.sv	CURRENT_V5_ONLY
E:/Codex_project/AMD_Sonofield/.portability/nextstage_clean_20261010/v5/rtl/timing/board_clock_candidate.sv	CURRENT_V5_ONLY
E:/Codex_project/AMD_Sonofield/.portability/nextstage_clean_20261010/v5/rtl/timing/ultrasonic_timebase.sv	CURRENT_V5_ONLY
E:/Codex_project/AMD_Sonofield/.portability/nextstage_clean_20261010/v5/rtl/output/sono_array_interface.sv	CURRENT_V5_ONLY
E:/Codex_project/AMD_Sonofield/.portability/nextstage_clean_20261010/v5/rtl/control/safety_controller.sv	CURRENT_V5_ONLY
E:/Codex_project/AMD_Sonofield/.portability/nextstage_clean_20261010/v5/rtl/acquisition/ad7606b_if.sv	CURRENT_V5_ONLY
E:/Codex_project/AMD_Sonofield/.portability/nextstage_clean_20261010/v5/rtl/acquisition/adc_serial.sv	CURRENT_V5_ONLY
E:/Codex_project/AMD_Sonofield/.portability/nextstage_clean_20261010/v5/rtl/control/axi_native_bridge.sv	CURRENT_V5_ONLY
E:/Codex_project/AMD_Sonofield/.portability/nextstage_clean_20261010/v5/rtl/calibration/burst_generator.sv	CURRENT_V5_ONLY
E:/Codex_project/AMD_Sonofield/.portability/nextstage_clean_20261010/v5/rtl/calibration/calibration_scheduler.sv	CURRENT_V5_ONLY
E:/Codex_project/AMD_Sonofield/.portability/nextstage_clean_20261010/v5/rtl/output/channel_waveform.sv	CURRENT_V5_ONLY
E:/Codex_project/AMD_Sonofield/.portability/nextstage_clean_20261010/v5/rtl/motion/motion_queue.sv	CURRENT_V5_ONLY
E:/Codex_project/AMD_Sonofield/.portability/nextstage_clean_20261010/v5/rtl/phase/phase_bank.sv	CURRENT_V5_ONLY
E:/Codex_project/AMD_Sonofield/.portability/nextstage_clean_20261010/v5/rtl/output/serializer.sv	CURRENT_V5_ONLY
E:/Codex_project/AMD_Sonofield/.portability/nextstage_clean_20261010/v5/rtl/sono_digital_system.sv	CURRENT_V5_ONLY
E:/Codex_project/AMD_Sonofield/.portability/nextstage_clean_20261010/v5/rtl/sono_motion_system.sv	CURRENT_V5_ONLY
E:/Codex_project/AMD_Sonofield/.portability/nextstage_clean_20261010/v5/rtl/sono_axi_system.sv	CURRENT_V5_ONLY
E:/Codex_project/AMD_Sonofield/.portability/nextstage_clean_20261010/v5/rtl/acquisition/ad7606c16_if.sv	CURRENT_V5_ONLY
E:/Codex_project/AMD_Sonofield/.portability/nextstage_clean_20261010/v5/rtl/control/prepcb_supervisor.sv	CURRENT_V5_ONLY
E:/Codex_project/AMD_Sonofield/.portability/nextstage_clean_20261010/v5/rtl/motion/prepcb_frame_mailbox.sv	CURRENT_V5_ONLY
E:/Codex_project/AMD_Sonofield/.portability/nextstage_clean_20261010/v5/rtl/board/prepcb_pl.v	CURRENT_V5_ONLY
E:/Codex_project/AMD_Sonofield/.portability/nextstage_clean_20261010/v5/rtl/board/nextstage_pl.v	CURRENT_V5_ONLY
E:/Codex_project/AMD_Sonofield/.portability/nextstage_clean_20261010/v5/rtl/generated/transport_valid.svh	CURRENT_V5_ONLY
E:/Codex_project/AMD_Sonofield/.portability/nextstage_clean_20261010/v5/rtl/generated/registers.svh	CURRENT_V5_ONLY
E:/Codex_project/AMD_Sonofield/.portability/nextstage_clean_20261010/v5/build/nextstage_platform_clean/platform.srcs/sources_1/bd/prepcb_ps/prepcb_ps.bd	CURRENT_V5_ONLY
E:/Codex_project/AMD_Sonofield/.portability/nextstage_clean_20261010/v5/build/nextstage_platform_clean/platform.srcs/sources_1/bd/prepcb_ps/ip/prepcb_ps_ps7_0/prepcb_ps_ps7_0.xci	CURRENT_V5_ONLY
E:/Codex_project/AMD_Sonofield/.portability/nextstage_clean_20261010/v5/build/nextstage_platform_clean/platform.gen/sources_1/bd/prepcb_ps/ipshared/ec67/hdl/axi_infrastructure_v1_1_0.vh	CURRENT_V5_ONLY
E:/Codex_project/AMD_Sonofield/.portability/nextstage_clean_20261010/v5/build/nextstage_platform_clean/platform.gen/sources_1/bd/prepcb_ps/ipshared/ec67/hdl/axi_infrastructure_v1_1_vl_rfs.v	CURRENT_V5_ONLY
E:/Codex_project/AMD_Sonofield/.portability/nextstage_clean_20261010/v5/build/nextstage_platform_clean/platform.gen/sources_1/bd/prepcb_ps/ipshared/b16a/hdl/axi_vip_v1_1_vl_rfs.sv	CURRENT_V5_ONLY
E:/Codex_project/AMD_Sonofield/.portability/nextstage_clean_20261010/v5/build/nextstage_platform_clean/platform.gen/sources_1/bd/prepcb_ps/ipshared/9a25/hdl/processing_system7_vip_v1_0_24_local_params.v	CURRENT_V5_ONLY
E:/Codex_project/AMD_Sonofield/.portability/nextstage_clean_20261010/v5/build/nextstage_platform_clean/platform.gen/sources_1/bd/prepcb_ps/ipshared/9a25/hdl/processing_system7_vip_v1_0_vl_rfs.sv	CURRENT_V5_ONLY
E:/Codex_project/AMD_Sonofield/.portability/nextstage_clean_20261010/v5/build/nextstage_platform_clean/platform.gen/sources_1/bd/prepcb_ps/ipshared/9a25/hdl/processing_system7_vip_v1_0_24_reg_params.v	CURRENT_V5_ONLY
E:/Codex_project/AMD_Sonofield/.portability/nextstage_clean_20261010/v5/build/nextstage_platform_clean/platform.gen/sources_1/bd/prepcb_ps/ipshared/9a25/hdl/processing_system7_vip_v1_0_24_reg_init.v	CURRENT_V5_ONLY
E:/Codex_project/AMD_Sonofield/.portability/nextstage_clean_20261010/v5/build/nextstage_platform_clean/platform.gen/sources_1/bd/prepcb_ps/ipshared/9a25/hdl/processing_system7_vip_v1_0_24_apis.v	CURRENT_V5_ONLY
E:/Codex_project/AMD_Sonofield/.portability/nextstage_clean_20261010/v5/build/nextstage_platform_clean/platform.gen/sources_1/bd/prepcb_ps/ipshared/9a25/hdl/processing_system7_vip_v1_0_24_unused_ports.v	CURRENT_V5_ONLY
E:/Codex_project/AMD_Sonofield/.portability/nextstage_clean_20261010/v5/build/nextstage_platform_clean/platform.gen/sources_1/bd/prepcb_ps/ipshared/9a25/hdl/processing_system7_vip_v1_0_24_axi_gp.v	CURRENT_V5_ONLY
E:/Codex_project/AMD_Sonofield/.portability/nextstage_clean_20261010/v5/build/nextstage_platform_clean/platform.gen/sources_1/bd/prepcb_ps/ipshared/9a25/hdl/processing_system7_vip_v1_0_24_axi_acp.v	CURRENT_V5_ONLY
E:/Codex_project/AMD_Sonofield/.portability/nextstage_clean_20261010/v5/build/nextstage_platform_clean/platform.gen/sources_1/bd/prepcb_ps/ipshared/9a25/hdl/processing_system7_vip_v1_0_24_axi_hp.v	CURRENT_V5_ONLY
E:/Codex_project/AMD_Sonofield/.portability/nextstage_clean_20261010/v5/build/nextstage_platform_clean/platform.gen/sources_1/bd/prepcb_ps/ip/prepcb_ps_ps7_0/sim/libps7.so	CURRENT_V5_ONLY
E:/Codex_project/AMD_Sonofield/.portability/nextstage_clean_20261010/v5/build/nextstage_platform_clean/platform.gen/sources_1/bd/prepcb_ps/ip/prepcb_ps_ps7_0/sim/libps7.dll	CURRENT_V5_ONLY
E:/Codex_project/AMD_Sonofield/.portability/nextstage_clean_20261010/v5/build/nextstage_platform_clean/platform.gen/sources_1/bd/prepcb_ps/ip/prepcb_ps_ps7_0/sim/libremoteport.so	CURRENT_V5_ONLY
E:/Codex_project/AMD_Sonofield/.portability/nextstage_clean_20261010/v5/build/nextstage_platform_clean/platform.gen/sources_1/bd/prepcb_ps/ip/prepcb_ps_ps7_0/sim/libremoteport.dll	CURRENT_V5_ONLY
E:/Codex_project/AMD_Sonofield/.portability/nextstage_clean_20261010/v5/build/nextstage_platform_clean/platform.gen/sources_1/bd/prepcb_ps/ip/prepcb_ps_ps7_0/sim_tlm/processing_system7_v5_5_tlm.h	CURRENT_V5_ONLY
E:/Codex_project/AMD_Sonofield/.portability/nextstage_clean_20261010/v5/build/nextstage_platform_clean/platform.gen/sources_1/bd/prepcb_ps/ip/prepcb_ps_ps7_0/sim_tlm/processing_system7_v5_5_tlm.cpp	CURRENT_V5_ONLY
E:/Codex_project/AMD_Sonofield/.portability/nextstage_clean_20261010/v5/build/nextstage_platform_clean/platform.gen/sources_1/bd/prepcb_ps/ip/prepcb_ps_ps7_0/sim_tlm/xilinx-zynq.h	CURRENT_V5_ONLY
E:/Codex_project/AMD_Sonofield/.portability/nextstage_clean_20261010/v5/build/nextstage_platform_clean/platform.gen/sources_1/bd/prepcb_ps/ip/prepcb_ps_ps7_0/sim_tlm/b_transport_converter.h	CURRENT_V5_ONLY
E:/Codex_project/AMD_Sonofield/.portability/nextstage_clean_20261010/v5/build/nextstage_platform_clean/platform.gen/sources_1/bd/prepcb_ps/ip/prepcb_ps_ps7_0/sim_tlm/xilinx-zynq.cc	CURRENT_V5_ONLY
E:/Codex_project/AMD_Sonofield/.portability/nextstage_clean_20261010/v5/build/nextstage_platform_clean/platform.gen/sources_1/bd/prepcb_ps/ip/prepcb_ps_ps7_0/sim/prepcb_ps_ps7_0.v	CURRENT_V5_ONLY
E:/Codex_project/AMD_Sonofield/.portability/nextstage_clean_20261010/v5/build/nextstage_platform_clean/platform.gen/sources_1/bd/prepcb_ps/ip/prepcb_ps_ps7_0/sim/prepcb_ps_ps7_0.sv	CURRENT_V5_ONLY
E:/Codex_project/AMD_Sonofield/.portability/nextstage_clean_20261010/v5/build/nextstage_platform_clean/platform.gen/sources_1/bd/prepcb_ps/ip/prepcb_ps_ps7_0/sim/prepcb_ps_ps7_0_sc.h	CURRENT_V5_ONLY
E:/Codex_project/AMD_Sonofield/.portability/nextstage_clean_20261010/v5/build/nextstage_platform_clean/platform.gen/sources_1/bd/prepcb_ps/ip/prepcb_ps_ps7_0/sim/prepcb_ps_ps7_0_sc.cpp	CURRENT_V5_ONLY
E:/Codex_project/AMD_Sonofield/.portability/nextstage_clean_20261010/v5/build/nextstage_platform_clean/platform.gen/sources_1/bd/prepcb_ps/ip/prepcb_ps_ps7_0/sim/prepcb_ps_ps7_0.h	CURRENT_V5_ONLY
E:/Codex_project/AMD_Sonofield/.portability/nextstage_clean_20261010/v5/build/nextstage_platform_clean/platform.gen/sources_1/bd/prepcb_ps/ip/prepcb_ps_ps7_0/sim/prepcb_ps_ps7_0.cpp	CURRENT_V5_ONLY
E:/Codex_project/AMD_Sonofield/.portability/nextstage_clean_20261010/v5/build/nextstage_platform_clean/platform.gen/sources_1/bd/prepcb_ps/ip/prepcb_ps_ps7_0/sim/prepcb_ps_ps7_0_stub.sv	CURRENT_V5_ONLY
E:/Codex_project/AMD_Sonofield/.portability/nextstage_clean_20261010/v5/build/nextstage_platform_clean/platform.gen/sources_1/bd/prepcb_ps/ip/prepcb_ps_ps7_0/prepcb_ps_ps7_0.xdc	CURRENT_V5_ONLY
E:/Codex_project/AMD_Sonofield/.portability/nextstage_clean_20261010/v5/build/nextstage_platform_clean/platform.gen/sources_1/bd/prepcb_ps/ip/prepcb_ps_ps7_0/hdl/verilog/prepcb_ps_ps7_0.hwdef	CURRENT_V5_ONLY
E:/Codex_project/AMD_Sonofield/.portability/nextstage_clean_20261010/v5/build/nextstage_platform_clean/platform.gen/sources_1/bd/prepcb_ps/ip/prepcb_ps_ps7_0/ps7_init.c	CURRENT_V5_ONLY
E:/Codex_project/AMD_Sonofield/.portability/nextstage_clean_20261010/v5/build/nextstage_platform_clean/platform.gen/sources_1/bd/prepcb_ps/ip/prepcb_ps_ps7_0/ps7_init.h	CURRENT_V5_ONLY
E:/Codex_project/AMD_Sonofield/.portability/nextstage_clean_20261010/v5/build/nextstage_platform_clean/platform.gen/sources_1/bd/prepcb_ps/ip/prepcb_ps_ps7_0/ps7_init_gpl.c	CURRENT_V5_ONLY
E:/Codex_project/AMD_Sonofield/.portability/nextstage_clean_20261010/v5/build/nextstage_platform_clean/platform.gen/sources_1/bd/prepcb_ps/ip/prepcb_ps_ps7_0/ps7_init_gpl.h	CURRENT_V5_ONLY
E:/Codex_project/AMD_Sonofield/.portability/nextstage_clean_20261010/v5/build/nextstage_platform_clean/platform.gen/sources_1/bd/prepcb_ps/ip/prepcb_ps_ps7_0/ps7_init.tcl	CURRENT_V5_ONLY
E:/Codex_project/AMD_Sonofield/.portability/nextstage_clean_20261010/v5/build/nextstage_platform_clean/platform.gen/sources_1/bd/prepcb_ps/ip/prepcb_ps_ps7_0/ps7_init.html	CURRENT_V5_ONLY
E:/Codex_project/AMD_Sonofield/.portability/nextstage_clean_20261010/v5/build/nextstage_platform_clean/platform.gen/sources_1/bd/prepcb_ps/ipshared/4b52/hdl/verilog/processing_system7_v5_5_aw_atc.v	CURRENT_V5_ONLY
E:/Codex_project/AMD_Sonofield/.portability/nextstage_clean_20261010/v5/build/nextstage_platform_clean/platform.gen/sources_1/bd/prepcb_ps/ipshared/4b52/hdl/verilog/processing_system7_v5_5_b_atc.v	CURRENT_V5_ONLY
E:/Codex_project/AMD_Sonofield/.portability/nextstage_clean_20261010/v5/build/nextstage_platform_clean/platform.gen/sources_1/bd/prepcb_ps/ipshared/4b52/hdl/verilog/processing_system7_v5_5_w_atc.v	CURRENT_V5_ONLY
E:/Codex_project/AMD_Sonofield/.portability/nextstage_clean_20261010/v5/build/nextstage_platform_clean/platform.gen/sources_1/bd/prepcb_ps/ipshared/4b52/hdl/verilog/processing_system7_v5_5_atc.v	CURRENT_V5_ONLY
E:/Codex_project/AMD_Sonofield/.portability/nextstage_clean_20261010/v5/build/nextstage_platform_clean/platform.gen/sources_1/bd/prepcb_ps/ipshared/4b52/hdl/verilog/processing_system7_v5_5_trace_buffer.v	CURRENT_V5_ONLY
E:/Codex_project/AMD_Sonofield/.portability/nextstage_clean_20261010/v5/build/nextstage_platform_clean/platform.gen/sources_1/bd/prepcb_ps/ip/prepcb_ps_ps7_0/hdl/verilog/processing_system7_v5_5_processing_system7.v	CURRENT_V5_ONLY
E:/Codex_project/AMD_Sonofield/.portability/nextstage_clean_20261010/v5/build/nextstage_platform_clean/platform.gen/sources_1/bd/prepcb_ps/ip/prepcb_ps_ps7_0/synth/prepcb_ps_ps7_0.v	CURRENT_V5_ONLY
E:/Codex_project/AMD_Sonofield/.portability/nextstage_clean_20261010/v5/build/nextstage_platform_clean/platform.gen/sources_1/bd/prepcb_ps/ip/prepcb_ps_ps7_0/prepcb_ps_ps7_0.xml	CURRENT_V5_ONLY
E:/Codex_project/AMD_Sonofield/.portability/nextstage_clean_20261010/v5/build/nextstage_platform_clean/platform.srcs/sources_1/bd/prepcb_ps/ip/prepcb_ps_interconnect_imp_xbar_0/prepcb_ps_interconnect_imp_xbar_0.xci	CURRENT_V5_ONLY
E:/Codex_project/AMD_Sonofield/.portability/nextstage_clean_20261010/v5/build/nextstage_platform_clean/platform.gen/sources_1/bd/prepcb_ps/ip/prepcb_ps_interconnect_imp_xbar_0/src/axi_crossbar.cpp	CURRENT_V5_ONLY
E:/Codex_project/AMD_Sonofield/.portability/nextstage_clean_20261010/v5/build/nextstage_platform_clean/platform.gen/sources_1/bd/prepcb_ps/ip/prepcb_ps_interconnect_imp_xbar_0/src/axi_crossbar.h	CURRENT_V5_ONLY
E:/Codex_project/AMD_Sonofield/.portability/nextstage_clean_20261010/v5/build/nextstage_platform_clean/platform.gen/sources_1/bd/prepcb_ps/ipshared/0c28/hdl/generic_baseblocks_v2_1_vl_rfs.v	CURRENT_V5_ONLY
E:/Codex_project/AMD_Sonofield/.portability/nextstage_clean_20261010/v5/build/nextstage_platform_clean/platform.gen/sources_1/bd/prepcb_ps/ipshared/ec67/hdl/axi_infrastructure_v1_1_0.vh	CURRENT_V5_ONLY
E:/Codex_project/AMD_Sonofield/.portability/nextstage_clean_20261010/v5/build/nextstage_platform_clean/platform.gen/sources_1/bd/prepcb_ps/ipshared/ec67/hdl/axi_infrastructure_v1_1_vl_rfs.v	CURRENT_V5_ONLY
E:/Codex_project/AMD_Sonofield/.portability/nextstage_clean_20261010/v5/build/nextstage_platform_clean/platform.gen/sources_1/bd/prepcb_ps/ipshared/bc4b/hdl/axi_register_slice_v2_1_vl_rfs.v	CURRENT_V5_ONLY
E:/Codex_project/AMD_Sonofield/.portability/nextstage_clean_20261010/v5/build/nextstage_platform_clean/platform.gen/sources_1/bd/prepcb_ps/ipshared/d654/simulation/fifo_generator_vlog_beh.v	CURRENT_V5_ONLY
E:/Codex_project/AMD_Sonofield/.portability/nextstage_clean_20261010/v5/build/nextstage_platform_clean/platform.gen/sources_1/bd/prepcb_ps/ipshared/d654/hdl/fifo_generator_v13_2_rfs.vhd	CURRENT_V5_ONLY
E:/Codex_project/AMD_Sonofield/.portability/nextstage_clean_20261010/v5/build/nextstage_platform_clean/platform.gen/sources_1/bd/prepcb_ps/ipshared/d654/hdl/fifo_generator_v13_2_rfs.v	CURRENT_V5_ONLY
E:/Codex_project/AMD_Sonofield/.portability/nextstage_clean_20261010/v5/build/nextstage_platform_clean/platform.gen/sources_1/bd/prepcb_ps/ipshared/42f3/hdl/blk_mem_gen_v8_4_vhsyn_rfs.vhd	CURRENT_V5_ONLY
E:/Codex_project/AMD_Sonofield/.portability/nextstage_clean_20261010/v5/build/nextstage_platform_clean/platform.gen/sources_1/bd/prepcb_ps/ipshared/d654/hdl/fifo_generator_v13_2_vhsyn_rfs.vhd	CURRENT_V5_ONLY
E:/Codex_project/AMD_Sonofield/.portability/nextstage_clean_20261010/v5/build/nextstage_platform_clean/platform.gen/sources_1/bd/prepcb_ps/ipshared/fb46/hdl/axi_data_fifo_v2_1_vl_rfs.v	CURRENT_V5_ONLY
E:/Codex_project/AMD_Sonofield/.portability/nextstage_clean_20261010/v5/build/nextstage_platform_clean/platform.gen/sources_1/bd/prepcb_ps/ipshared/f084/hdl/axi_crossbar_v2_1_vl_rfs.v	CURRENT_V5_ONLY
E:/Codex_project/AMD_Sonofield/.portability/nextstage_clean_20261010/v5/build/nextstage_platform_clean/platform.gen/sources_1/bd/prepcb_ps/ip/prepcb_ps_interconnect_imp_xbar_0/sim/prepcb_ps_interconnect_imp_xbar_0_sc.h	CURRENT_V5_ONLY
E:/Codex_project/AMD_Sonofield/.portability/nextstage_clean_20261010/v5/build/nextstage_platform_clean/platform.gen/sources_1/bd/prepcb_ps/ip/prepcb_ps_interconnect_imp_xbar_0/sim/prepcb_ps_interconnect_imp_xbar_0_sc.cpp	CURRENT_V5_ONLY
E:/Codex_project/AMD_Sonofield/.portability/nextstage_clean_20261010/v5/build/nextstage_platform_clean/platform.gen/sources_1/bd/prepcb_ps/ip/prepcb_ps_interconnect_imp_xbar_0/sim/prepcb_ps_interconnect_imp_xbar_0.h	CURRENT_V5_ONLY
E:/Codex_project/AMD_Sonofield/.portability/nextstage_clean_20261010/v5/build/nextstage_platform_clean/platform.gen/sources_1/bd/prepcb_ps/ip/prepcb_ps_interconnect_imp_xbar_0/sim/prepcb_ps_interconnect_imp_xbar_0.cpp	CURRENT_V5_ONLY
E:/Codex_project/AMD_Sonofield/.portability/nextstage_clean_20261010/v5/build/nextstage_platform_clean/platform.gen/sources_1/bd/prepcb_ps/ip/prepcb_ps_interconnect_imp_xbar_0/sim/prepcb_ps_interconnect_imp_xbar_0_stub.sv	CURRENT_V5_ONLY
E:/Codex_project/AMD_Sonofield/.portability/nextstage_clean_20261010/v5/build/nextstage_platform_clean/platform.gen/sources_1/bd/prepcb_ps/ip/prepcb_ps_interconnect_imp_xbar_0/sim/prepcb_ps_interconnect_imp_xbar_0.v	CURRENT_V5_ONLY
E:/Codex_project/AMD_Sonofield/.portability/nextstage_clean_20261010/v5/build/nextstage_platform_clean/platform.gen/sources_1/bd/prepcb_ps/ip/prepcb_ps_interconnect_imp_xbar_0/synth/prepcb_ps_interconnect_imp_xbar_0.v	CURRENT_V5_ONLY
E:/Codex_project/AMD_Sonofield/.portability/nextstage_clean_20261010/v5/build/nextstage_platform_clean/platform.gen/sources_1/bd/prepcb_ps/ip/prepcb_ps_interconnect_imp_xbar_0/prepcb_ps_interconnect_imp_xbar_0_ooc.xdc	CURRENT_V5_ONLY
E:/Codex_project/AMD_Sonofield/.portability/nextstage_clean_20261010/v5/build/nextstage_platform_clean/platform.gen/sources_1/bd/prepcb_ps/ip/prepcb_ps_interconnect_imp_xbar_0/prepcb_ps_interconnect_imp_xbar_0.xml	CURRENT_V5_ONLY
E:/Codex_project/AMD_Sonofield/.portability/nextstage_clean_20261010/v5/build/nextstage_platform_clean/platform.srcs/sources_1/bd/prepcb_ps/ip/prepcb_ps_interconnect_imp_auto_pc_5/prepcb_ps_interconnect_imp_auto_pc_5.xci	CURRENT_V5_ONLY
E:/Codex_project/AMD_Sonofield/.portability/nextstage_clean_20261010/v5/build/nextstage_platform_clean/platform.gen/sources_1/bd/prepcb_ps/ipshared/0c28/hdl/generic_baseblocks_v2_1_vl_rfs.v	CURRENT_V5_ONLY
E:/Codex_project/AMD_Sonofield/.portability/nextstage_clean_20261010/v5/build/nextstage_platform_clean/platform.gen/sources_1/bd/prepcb_ps/ipshared/d654/simulation/fifo_generator_vlog_beh.v	CURRENT_V5_ONLY
E:/Codex_project/AMD_Sonofield/.portability/nextstage_clean_20261010/v5/build/nextstage_platform_clean/platform.gen/sources_1/bd/prepcb_ps/ipshared/d654/hdl/fifo_generator_v13_2_rfs.vhd	CURRENT_V5_ONLY
E:/Codex_project/AMD_Sonofield/.portability/nextstage_clean_20261010/v5/build/nextstage_platform_clean/platform.gen/sources_1/bd/prepcb_ps/ipshared/d654/hdl/fifo_generator_v13_2_rfs.v	CURRENT_V5_ONLY
E:/Codex_project/AMD_Sonofield/.portability/nextstage_clean_20261010/v5/build/nextstage_platform_clean/platform.gen/sources_1/bd/prepcb_ps/ipshared/42f3/hdl/blk_mem_gen_v8_4_vhsyn_rfs.vhd	CURRENT_V5_ONLY
E:/Codex_project/AMD_Sonofield/.portability/nextstage_clean_20261010/v5/build/nextstage_platform_clean/platform.gen/sources_1/bd/prepcb_ps/ipshared/d654/hdl/fifo_generator_v13_2_vhsyn_rfs.vhd	CURRENT_V5_ONLY
E:/Codex_project/AMD_Sonofield/.portability/nextstage_clean_20261010/v5/build/nextstage_platform_clean/platform.gen/sources_1/bd/prepcb_ps/ipshared/fb46/hdl/axi_data_fifo_v2_1_vl_rfs.v	CURRENT_V5_ONLY
E:/Codex_project/AMD_Sonofield/.portability/nextstage_clean_20261010/v5/build/nextstage_platform_clean/platform.gen/sources_1/bd/prepcb_ps/ipshared/ec67/hdl/axi_infrastructure_v1_1_0.vh	CURRENT_V5_ONLY
E:/Codex_project/AMD_Sonofield/.portability/nextstage_clean_20261010/v5/build/nextstage_platform_clean/platform.gen/sources_1/bd/prepcb_ps/ipshared/ec67/hdl/axi_infrastructure_v1_1_vl_rfs.v	CURRENT_V5_ONLY
E:/Codex_project/AMD_Sonofield/.portability/nextstage_clean_20261010/v5/build/nextstage_platform_clean/platform.gen/sources_1/bd/prepcb_ps/ipshared/bc4b/hdl/axi_register_slice_v2_1_vl_rfs.v	CURRENT_V5_ONLY
E:/Codex_project/AMD_Sonofield/.portability/nextstage_clean_20261010/v5/build/nextstage_platform_clean/platform.gen/sources_1/bd/prepcb_ps/ipshared/d98a/hdl/axi_protocol_converter_v2_1_vl_rfs.v	CURRENT_V5_ONLY
E:/Codex_project/AMD_Sonofield/.portability/nextstage_clean_20261010/v5/build/nextstage_platform_clean/platform.gen/sources_1/bd/prepcb_ps/ip/prepcb_ps_interconnect_imp_auto_pc_5/sim/prepcb_ps_interconnect_imp_auto_pc_5.v	CURRENT_V5_ONLY
E:/Codex_project/AMD_Sonofield/.portability/nextstage_clean_20261010/v5/build/nextstage_platform_clean/platform.gen/sources_1/bd/prepcb_ps/ip/prepcb_ps_interconnect_imp_auto_pc_5/prepcb_ps_interconnect_imp_auto_pc_5_ooc.xdc	CURRENT_V5_ONLY
E:/Codex_project/AMD_Sonofield/.portability/nextstage_clean_20261010/v5/build/nextstage_platform_clean/platform.gen/sources_1/bd/prepcb_ps/ip/prepcb_ps_interconnect_imp_auto_pc_5/synth/prepcb_ps_interconnect_imp_auto_pc_5.v	CURRENT_V5_ONLY
E:/Codex_project/AMD_Sonofield/.portability/nextstage_clean_20261010/v5/build/nextstage_platform_clean/platform.gen/sources_1/bd/prepcb_ps/ip/prepcb_ps_interconnect_imp_auto_pc_5/prepcb_ps_interconnect_imp_auto_pc_5.xml	CURRENT_V5_ONLY
E:/Codex_project/AMD_Sonofield/.portability/nextstage_clean_20261010/v5/build/nextstage_platform_clean/platform.srcs/sources_1/bd/prepcb_ps/ip/prepcb_ps_interconnect_imp_auto_pc_0/prepcb_ps_interconnect_imp_auto_pc_0.xci	CURRENT_V5_ONLY
E:/Codex_project/AMD_Sonofield/.portability/nextstage_clean_20261010/v5/build/nextstage_platform_clean/platform.gen/sources_1/bd/prepcb_ps/ipshared/0c28/hdl/generic_baseblocks_v2_1_vl_rfs.v	CURRENT_V5_ONLY
E:/Codex_project/AMD_Sonofield/.portability/nextstage_clean_20261010/v5/build/nextstage_platform_clean/platform.gen/sources_1/bd/prepcb_ps/ipshared/d654/simulation/fifo_generator_vlog_beh.v	CURRENT_V5_ONLY
E:/Codex_project/AMD_Sonofield/.portability/nextstage_clean_20261010/v5/build/nextstage_platform_clean/platform.gen/sources_1/bd/prepcb_ps/ipshared/d654/hdl/fifo_generator_v13_2_rfs.vhd	CURRENT_V5_ONLY
E:/Codex_project/AMD_Sonofield/.portability/nextstage_clean_20261010/v5/build/nextstage_platform_clean/platform.gen/sources_1/bd/prepcb_ps/ipshared/d654/hdl/fifo_generator_v13_2_rfs.v	CURRENT_V5_ONLY
E:/Codex_project/AMD_Sonofield/.portability/nextstage_clean_20261010/v5/build/nextstage_platform_clean/platform.gen/sources_1/bd/prepcb_ps/ipshared/42f3/hdl/blk_mem_gen_v8_4_vhsyn_rfs.vhd	CURRENT_V5_ONLY
E:/Codex_project/AMD_Sonofield/.portability/nextstage_clean_20261010/v5/build/nextstage_platform_clean/platform.gen/sources_1/bd/prepcb_ps/ipshared/d654/hdl/fifo_generator_v13_2_vhsyn_rfs.vhd	CURRENT_V5_ONLY
E:/Codex_project/AMD_Sonofield/.portability/nextstage_clean_20261010/v5/build/nextstage_platform_clean/platform.gen/sources_1/bd/prepcb_ps/ipshared/fb46/hdl/axi_data_fifo_v2_1_vl_rfs.v	CURRENT_V5_ONLY
E:/Codex_project/AMD_Sonofield/.portability/nextstage_clean_20261010/v5/build/nextstage_platform_clean/platform.gen/sources_1/bd/prepcb_ps/ipshared/ec67/hdl/axi_infrastructure_v1_1_0.vh	CURRENT_V5_ONLY
E:/Codex_project/AMD_Sonofield/.portability/nextstage_clean_20261010/v5/build/nextstage_platform_clean/platform.gen/sources_1/bd/prepcb_ps/ipshared/ec67/hdl/axi_infrastructure_v1_1_vl_rfs.v	CURRENT_V5_ONLY
E:/Codex_project/AMD_Sonofield/.portability/nextstage_clean_20261010/v5/build/nextstage_platform_clean/platform.gen/sources_1/bd/prepcb_ps/ipshared/bc4b/hdl/axi_register_slice_v2_1_vl_rfs.v	CURRENT_V5_ONLY
E:/Codex_project/AMD_Sonofield/.portability/nextstage_clean_20261010/v5/build/nextstage_platform_clean/platform.gen/sources_1/bd/prepcb_ps/ipshared/d98a/hdl/axi_protocol_converter_v2_1_vl_rfs.v	CURRENT_V5_ONLY
E:/Codex_project/AMD_Sonofield/.portability/nextstage_clean_20261010/v5/build/nextstage_platform_clean/platform.gen/sources_1/bd/prepcb_ps/ip/prepcb_ps_interconnect_imp_auto_pc_0/sim/prepcb_ps_interconnect_imp_auto_pc_0.v	CURRENT_V5_ONLY
E:/Codex_project/AMD_Sonofield/.portability/nextstage_clean_20261010/v5/build/nextstage_platform_clean/platform.gen/sources_1/bd/prepcb_ps/ip/prepcb_ps_interconnect_imp_auto_pc_0/prepcb_ps_interconnect_imp_auto_pc_0_ooc.xdc	CURRENT_V5_ONLY
E:/Codex_project/AMD_Sonofield/.portability/nextstage_clean_20261010/v5/build/nextstage_platform_clean/platform.gen/sources_1/bd/prepcb_ps/ip/prepcb_ps_interconnect_imp_auto_pc_0/synth/prepcb_ps_interconnect_imp_auto_pc_0.v	CURRENT_V5_ONLY
E:/Codex_project/AMD_Sonofield/.portability/nextstage_clean_20261010/v5/build/nextstage_platform_clean/platform.gen/sources_1/bd/prepcb_ps/ip/prepcb_ps_interconnect_imp_auto_pc_0/prepcb_ps_interconnect_imp_auto_pc_0.xml	CURRENT_V5_ONLY
E:/Codex_project/AMD_Sonofield/.portability/nextstage_clean_20261010/v5/build/nextstage_platform_clean/platform.srcs/sources_1/bd/prepcb_ps/ip/prepcb_ps_interconnect_imp_auto_pc_1/prepcb_ps_interconnect_imp_auto_pc_1.xci	CURRENT_V5_ONLY
E:/Codex_project/AMD_Sonofield/.portability/nextstage_clean_20261010/v5/build/nextstage_platform_clean/platform.gen/sources_1/bd/prepcb_ps/ipshared/0c28/hdl/generic_baseblocks_v2_1_vl_rfs.v	CURRENT_V5_ONLY
E:/Codex_project/AMD_Sonofield/.portability/nextstage_clean_20261010/v5/build/nextstage_platform_clean/platform.gen/sources_1/bd/prepcb_ps/ipshared/d654/simulation/fifo_generator_vlog_beh.v	CURRENT_V5_ONLY
E:/Codex_project/AMD_Sonofield/.portability/nextstage_clean_20261010/v5/build/nextstage_platform_clean/platform.gen/sources_1/bd/prepcb_ps/ipshared/d654/hdl/fifo_generator_v13_2_rfs.vhd	CURRENT_V5_ONLY
E:/Codex_project/AMD_Sonofield/.portability/nextstage_clean_20261010/v5/build/nextstage_platform_clean/platform.gen/sources_1/bd/prepcb_ps/ipshared/d654/hdl/fifo_generator_v13_2_rfs.v	CURRENT_V5_ONLY
E:/Codex_project/AMD_Sonofield/.portability/nextstage_clean_20261010/v5/build/nextstage_platform_clean/platform.gen/sources_1/bd/prepcb_ps/ipshared/42f3/hdl/blk_mem_gen_v8_4_vhsyn_rfs.vhd	CURRENT_V5_ONLY
E:/Codex_project/AMD_Sonofield/.portability/nextstage_clean_20261010/v5/build/nextstage_platform_clean/platform.gen/sources_1/bd/prepcb_ps/ipshared/d654/hdl/fifo_generator_v13_2_vhsyn_rfs.vhd	CURRENT_V5_ONLY
E:/Codex_project/AMD_Sonofield/.portability/nextstage_clean_20261010/v5/build/nextstage_platform_clean/platform.gen/sources_1/bd/prepcb_ps/ipshared/fb46/hdl/axi_data_fifo_v2_1_vl_rfs.v	CURRENT_V5_ONLY
E:/Codex_project/AMD_Sonofield/.portability/nextstage_clean_20261010/v5/build/nextstage_platform_clean/platform.gen/sources_1/bd/prepcb_ps/ipshared/ec67/hdl/axi_infrastructure_v1_1_0.vh	CURRENT_V5_ONLY
E:/Codex_project/AMD_Sonofield/.portability/nextstage_clean_20261010/v5/build/nextstage_platform_clean/platform.gen/sources_1/bd/prepcb_ps/ipshared/ec67/hdl/axi_infrastructure_v1_1_vl_rfs.v	CURRENT_V5_ONLY
E:/Codex_project/AMD_Sonofield/.portability/nextstage_clean_20261010/v5/build/nextstage_platform_clean/platform.gen/sources_1/bd/prepcb_ps/ipshared/bc4b/hdl/axi_register_slice_v2_1_vl_rfs.v	CURRENT_V5_ONLY
E:/Codex_project/AMD_Sonofield/.portability/nextstage_clean_20261010/v5/build/nextstage_platform_clean/platform.gen/sources_1/bd/prepcb_ps/ipshared/d98a/hdl/axi_protocol_converter_v2_1_vl_rfs.v	CURRENT_V5_ONLY
E:/Codex_project/AMD_Sonofield/.portability/nextstage_clean_20261010/v5/build/nextstage_platform_clean/platform.gen/sources_1/bd/prepcb_ps/ip/prepcb_ps_interconnect_imp_auto_pc_1/sim/prepcb_ps_interconnect_imp_auto_pc_1.v	CURRENT_V5_ONLY
E:/Codex_project/AMD_Sonofield/.portability/nextstage_clean_20261010/v5/build/nextstage_platform_clean/platform.gen/sources_1/bd/prepcb_ps/ip/prepcb_ps_interconnect_imp_auto_pc_1/prepcb_ps_interconnect_imp_auto_pc_1_ooc.xdc	CURRENT_V5_ONLY
E:/Codex_project/AMD_Sonofield/.portability/nextstage_clean_20261010/v5/build/nextstage_platform_clean/platform.gen/sources_1/bd/prepcb_ps/ip/prepcb_ps_interconnect_imp_auto_pc_1/synth/prepcb_ps_interconnect_imp_auto_pc_1.v	CURRENT_V5_ONLY
E:/Codex_project/AMD_Sonofield/.portability/nextstage_clean_20261010/v5/build/nextstage_platform_clean/platform.gen/sources_1/bd/prepcb_ps/ip/prepcb_ps_interconnect_imp_auto_pc_1/prepcb_ps_interconnect_imp_auto_pc_1.xml	CURRENT_V5_ONLY
E:/Codex_project/AMD_Sonofield/.portability/nextstage_clean_20261010/v5/build/nextstage_platform_clean/platform.srcs/sources_1/bd/prepcb_ps/ip/prepcb_ps_interconnect_imp_auto_pc_2/prepcb_ps_interconnect_imp_auto_pc_2.xci	CURRENT_V5_ONLY
E:/Codex_project/AMD_Sonofield/.portability/nextstage_clean_20261010/v5/build/nextstage_platform_clean/platform.gen/sources_1/bd/prepcb_ps/ipshared/0c28/hdl/generic_baseblocks_v2_1_vl_rfs.v	CURRENT_V5_ONLY
E:/Codex_project/AMD_Sonofield/.portability/nextstage_clean_20261010/v5/build/nextstage_platform_clean/platform.gen/sources_1/bd/prepcb_ps/ipshared/d654/simulation/fifo_generator_vlog_beh.v	CURRENT_V5_ONLY
E:/Codex_project/AMD_Sonofield/.portability/nextstage_clean_20261010/v5/build/nextstage_platform_clean/platform.gen/sources_1/bd/prepcb_ps/ipshared/d654/hdl/fifo_generator_v13_2_rfs.vhd	CURRENT_V5_ONLY
E:/Codex_project/AMD_Sonofield/.portability/nextstage_clean_20261010/v5/build/nextstage_platform_clean/platform.gen/sources_1/bd/prepcb_ps/ipshared/d654/hdl/fifo_generator_v13_2_rfs.v	CURRENT_V5_ONLY
E:/Codex_project/AMD_Sonofield/.portability/nextstage_clean_20261010/v5/build/nextstage_platform_clean/platform.gen/sources_1/bd/prepcb_ps/ipshared/42f3/hdl/blk_mem_gen_v8_4_vhsyn_rfs.vhd	CURRENT_V5_ONLY
E:/Codex_project/AMD_Sonofield/.portability/nextstage_clean_20261010/v5/build/nextstage_platform_clean/platform.gen/sources_1/bd/prepcb_ps/ipshared/d654/hdl/fifo_generator_v13_2_vhsyn_rfs.vhd	CURRENT_V5_ONLY
E:/Codex_project/AMD_Sonofield/.portability/nextstage_clean_20261010/v5/build/nextstage_platform_clean/platform.gen/sources_1/bd/prepcb_ps/ipshared/fb46/hdl/axi_data_fifo_v2_1_vl_rfs.v	CURRENT_V5_ONLY
E:/Codex_project/AMD_Sonofield/.portability/nextstage_clean_20261010/v5/build/nextstage_platform_clean/platform.gen/sources_1/bd/prepcb_ps/ipshared/ec67/hdl/axi_infrastructure_v1_1_0.vh	CURRENT_V5_ONLY
E:/Codex_project/AMD_Sonofield/.portability/nextstage_clean_20261010/v5/build/nextstage_platform_clean/platform.gen/sources_1/bd/prepcb_ps/ipshared/ec67/hdl/axi_infrastructure_v1_1_vl_rfs.v	CURRENT_V5_ONLY
E:/Codex_project/AMD_Sonofield/.portability/nextstage_clean_20261010/v5/build/nextstage_platform_clean/platform.gen/sources_1/bd/prepcb_ps/ipshared/bc4b/hdl/axi_register_slice_v2_1_vl_rfs.v	CURRENT_V5_ONLY
E:/Codex_project/AMD_Sonofield/.portability/nextstage_clean_20261010/v5/build/nextstage_platform_clean/platform.gen/sources_1/bd/prepcb_ps/ipshared/d98a/hdl/axi_protocol_converter_v2_1_vl_rfs.v	CURRENT_V5_ONLY
E:/Codex_project/AMD_Sonofield/.portability/nextstage_clean_20261010/v5/build/nextstage_platform_clean/platform.gen/sources_1/bd/prepcb_ps/ip/prepcb_ps_interconnect_imp_auto_pc_2/sim/prepcb_ps_interconnect_imp_auto_pc_2.v	CURRENT_V5_ONLY
E:/Codex_project/AMD_Sonofield/.portability/nextstage_clean_20261010/v5/build/nextstage_platform_clean/platform.gen/sources_1/bd/prepcb_ps/ip/prepcb_ps_interconnect_imp_auto_pc_2/prepcb_ps_interconnect_imp_auto_pc_2_ooc.xdc	CURRENT_V5_ONLY
E:/Codex_project/AMD_Sonofield/.portability/nextstage_clean_20261010/v5/build/nextstage_platform_clean/platform.gen/sources_1/bd/prepcb_ps/ip/prepcb_ps_interconnect_imp_auto_pc_2/synth/prepcb_ps_interconnect_imp_auto_pc_2.v	CURRENT_V5_ONLY
E:/Codex_project/AMD_Sonofield/.portability/nextstage_clean_20261010/v5/build/nextstage_platform_clean/platform.gen/sources_1/bd/prepcb_ps/ip/prepcb_ps_interconnect_imp_auto_pc_2/prepcb_ps_interconnect_imp_auto_pc_2.xml	CURRENT_V5_ONLY
E:/Codex_project/AMD_Sonofield/.portability/nextstage_clean_20261010/v5/build/nextstage_platform_clean/platform.srcs/sources_1/bd/prepcb_ps/ip/prepcb_ps_interconnect_imp_auto_pc_3/prepcb_ps_interconnect_imp_auto_pc_3.xci	CURRENT_V5_ONLY
E:/Codex_project/AMD_Sonofield/.portability/nextstage_clean_20261010/v5/build/nextstage_platform_clean/platform.gen/sources_1/bd/prepcb_ps/ipshared/0c28/hdl/generic_baseblocks_v2_1_vl_rfs.v	CURRENT_V5_ONLY
E:/Codex_project/AMD_Sonofield/.portability/nextstage_clean_20261010/v5/build/nextstage_platform_clean/platform.gen/sources_1/bd/prepcb_ps/ipshared/d654/simulation/fifo_generator_vlog_beh.v	CURRENT_V5_ONLY
E:/Codex_project/AMD_Sonofield/.portability/nextstage_clean_20261010/v5/build/nextstage_platform_clean/platform.gen/sources_1/bd/prepcb_ps/ipshared/d654/hdl/fifo_generator_v13_2_rfs.vhd	CURRENT_V5_ONLY
E:/Codex_project/AMD_Sonofield/.portability/nextstage_clean_20261010/v5/build/nextstage_platform_clean/platform.gen/sources_1/bd/prepcb_ps/ipshared/d654/hdl/fifo_generator_v13_2_rfs.v	CURRENT_V5_ONLY
E:/Codex_project/AMD_Sonofield/.portability/nextstage_clean_20261010/v5/build/nextstage_platform_clean/platform.gen/sources_1/bd/prepcb_ps/ipshared/42f3/hdl/blk_mem_gen_v8_4_vhsyn_rfs.vhd	CURRENT_V5_ONLY
E:/Codex_project/AMD_Sonofield/.portability/nextstage_clean_20261010/v5/build/nextstage_platform_clean/platform.gen/sources_1/bd/prepcb_ps/ipshared/d654/hdl/fifo_generator_v13_2_vhsyn_rfs.vhd	CURRENT_V5_ONLY
E:/Codex_project/AMD_Sonofield/.portability/nextstage_clean_20261010/v5/build/nextstage_platform_clean/platform.gen/sources_1/bd/prepcb_ps/ipshared/fb46/hdl/axi_data_fifo_v2_1_vl_rfs.v	CURRENT_V5_ONLY
E:/Codex_project/AMD_Sonofield/.portability/nextstage_clean_20261010/v5/build/nextstage_platform_clean/platform.gen/sources_1/bd/prepcb_ps/ipshared/ec67/hdl/axi_infrastructure_v1_1_0.vh	CURRENT_V5_ONLY
E:/Codex_project/AMD_Sonofield/.portability/nextstage_clean_20261010/v5/build/nextstage_platform_clean/platform.gen/sources_1/bd/prepcb_ps/ipshared/ec67/hdl/axi_infrastructure_v1_1_vl_rfs.v	CURRENT_V5_ONLY
E:/Codex_project/AMD_Sonofield/.portability/nextstage_clean_20261010/v5/build/nextstage_platform_clean/platform.gen/sources_1/bd/prepcb_ps/ipshared/bc4b/hdl/axi_register_slice_v2_1_vl_rfs.v	CURRENT_V5_ONLY
E:/Codex_project/AMD_Sonofield/.portability/nextstage_clean_20261010/v5/build/nextstage_platform_clean/platform.gen/sources_1/bd/prepcb_ps/ipshared/d98a/hdl/axi_protocol_converter_v2_1_vl_rfs.v	CURRENT_V5_ONLY
E:/Codex_project/AMD_Sonofield/.portability/nextstage_clean_20261010/v5/build/nextstage_platform_clean/platform.gen/sources_1/bd/prepcb_ps/ip/prepcb_ps_interconnect_imp_auto_pc_3/sim/prepcb_ps_interconnect_imp_auto_pc_3.v	CURRENT_V5_ONLY
E:/Codex_project/AMD_Sonofield/.portability/nextstage_clean_20261010/v5/build/nextstage_platform_clean/platform.gen/sources_1/bd/prepcb_ps/ip/prepcb_ps_interconnect_imp_auto_pc_3/prepcb_ps_interconnect_imp_auto_pc_3_ooc.xdc	CURRENT_V5_ONLY
E:/Codex_project/AMD_Sonofield/.portability/nextstage_clean_20261010/v5/build/nextstage_platform_clean/platform.gen/sources_1/bd/prepcb_ps/ip/prepcb_ps_interconnect_imp_auto_pc_3/synth/prepcb_ps_interconnect_imp_auto_pc_3.v	CURRENT_V5_ONLY
E:/Codex_project/AMD_Sonofield/.portability/nextstage_clean_20261010/v5/build/nextstage_platform_clean/platform.gen/sources_1/bd/prepcb_ps/ip/prepcb_ps_interconnect_imp_auto_pc_3/prepcb_ps_interconnect_imp_auto_pc_3.xml	CURRENT_V5_ONLY
E:/Codex_project/AMD_Sonofield/.portability/nextstage_clean_20261010/v5/build/nextstage_platform_clean/platform.srcs/sources_1/bd/prepcb_ps/ip/prepcb_ps_interconnect_imp_auto_pc_4/prepcb_ps_interconnect_imp_auto_pc_4.xci	CURRENT_V5_ONLY
E:/Codex_project/AMD_Sonofield/.portability/nextstage_clean_20261010/v5/build/nextstage_platform_clean/platform.gen/sources_1/bd/prepcb_ps/ipshared/0c28/hdl/generic_baseblocks_v2_1_vl_rfs.v	CURRENT_V5_ONLY
E:/Codex_project/AMD_Sonofield/.portability/nextstage_clean_20261010/v5/build/nextstage_platform_clean/platform.gen/sources_1/bd/prepcb_ps/ipshared/d654/simulation/fifo_generator_vlog_beh.v	CURRENT_V5_ONLY
E:/Codex_project/AMD_Sonofield/.portability/nextstage_clean_20261010/v5/build/nextstage_platform_clean/platform.gen/sources_1/bd/prepcb_ps/ipshared/d654/hdl/fifo_generator_v13_2_rfs.vhd	CURRENT_V5_ONLY
E:/Codex_project/AMD_Sonofield/.portability/nextstage_clean_20261010/v5/build/nextstage_platform_clean/platform.gen/sources_1/bd/prepcb_ps/ipshared/d654/hdl/fifo_generator_v13_2_rfs.v	CURRENT_V5_ONLY
E:/Codex_project/AMD_Sonofield/.portability/nextstage_clean_20261010/v5/build/nextstage_platform_clean/platform.gen/sources_1/bd/prepcb_ps/ipshared/42f3/hdl/blk_mem_gen_v8_4_vhsyn_rfs.vhd	CURRENT_V5_ONLY
E:/Codex_project/AMD_Sonofield/.portability/nextstage_clean_20261010/v5/build/nextstage_platform_clean/platform.gen/sources_1/bd/prepcb_ps/ipshared/d654/hdl/fifo_generator_v13_2_vhsyn_rfs.vhd	CURRENT_V5_ONLY
E:/Codex_project/AMD_Sonofield/.portability/nextstage_clean_20261010/v5/build/nextstage_platform_clean/platform.gen/sources_1/bd/prepcb_ps/ipshared/fb46/hdl/axi_data_fifo_v2_1_vl_rfs.v	CURRENT_V5_ONLY
E:/Codex_project/AMD_Sonofield/.portability/nextstage_clean_20261010/v5/build/nextstage_platform_clean/platform.gen/sources_1/bd/prepcb_ps/ipshared/ec67/hdl/axi_infrastructure_v1_1_0.vh	CURRENT_V5_ONLY
E:/Codex_project/AMD_Sonofield/.portability/nextstage_clean_20261010/v5/build/nextstage_platform_clean/platform.gen/sources_1/bd/prepcb_ps/ipshared/ec67/hdl/axi_infrastructure_v1_1_vl_rfs.v	CURRENT_V5_ONLY
E:/Codex_project/AMD_Sonofield/.portability/nextstage_clean_20261010/v5/build/nextstage_platform_clean/platform.gen/sources_1/bd/prepcb_ps/ipshared/bc4b/hdl/axi_register_slice_v2_1_vl_rfs.v	CURRENT_V5_ONLY
E:/Codex_project/AMD_Sonofield/.portability/nextstage_clean_20261010/v5/build/nextstage_platform_clean/platform.gen/sources_1/bd/prepcb_ps/ipshared/d98a/hdl/axi_protocol_converter_v2_1_vl_rfs.v	CURRENT_V5_ONLY
E:/Codex_project/AMD_Sonofield/.portability/nextstage_clean_20261010/v5/build/nextstage_platform_clean/platform.gen/sources_1/bd/prepcb_ps/ip/prepcb_ps_interconnect_imp_auto_pc_4/sim/prepcb_ps_interconnect_imp_auto_pc_4.v	CURRENT_V5_ONLY
E:/Codex_project/AMD_Sonofield/.portability/nextstage_clean_20261010/v5/build/nextstage_platform_clean/platform.gen/sources_1/bd/prepcb_ps/ip/prepcb_ps_interconnect_imp_auto_pc_4/prepcb_ps_interconnect_imp_auto_pc_4_ooc.xdc	CURRENT_V5_ONLY
E:/Codex_project/AMD_Sonofield/.portability/nextstage_clean_20261010/v5/build/nextstage_platform_clean/platform.gen/sources_1/bd/prepcb_ps/ip/prepcb_ps_interconnect_imp_auto_pc_4/synth/prepcb_ps_interconnect_imp_auto_pc_4.v	CURRENT_V5_ONLY
E:/Codex_project/AMD_Sonofield/.portability/nextstage_clean_20261010/v5/build/nextstage_platform_clean/platform.gen/sources_1/bd/prepcb_ps/ip/prepcb_ps_interconnect_imp_auto_pc_4/prepcb_ps_interconnect_imp_auto_pc_4.xml	CURRENT_V5_ONLY
E:/Codex_project/AMD_Sonofield/.portability/nextstage_clean_20261010/v5/build/nextstage_platform_clean/platform.srcs/sources_1/bd/prepcb_ps/ip/prepcb_ps_interconnect_0/prepcb_ps_interconnect_0.xci	CURRENT_V5_ONLY
E:/Codex_project/AMD_Sonofield/.portability/nextstage_clean_20261010/v5/build/nextstage_platform_clean/platform.gen/sources_1/bd/prepcb_ps/ip/prepcb_ps_interconnect_0/prepcb_ps_interconnect_0.xml	CURRENT_V5_ONLY
E:/Codex_project/AMD_Sonofield/.portability/nextstage_clean_20261010/v5/build/nextstage_platform_clean/platform.srcs/sources_1/bd/prepcb_ps/ip/prepcb_ps_task_bram_0/prepcb_ps_task_bram_0.xci	CURRENT_V5_ONLY
E:/Codex_project/AMD_Sonofield/.portability/nextstage_clean_20261010/v5/build/nextstage_platform_clean/platform.gen/sources_1/bd/prepcb_ps/ipshared/2f03/hdl/axi_bram_ctrl_v4_1_rfs.vhd	CURRENT_V5_ONLY
E:/Codex_project/AMD_Sonofield/.portability/nextstage_clean_20261010/v5/build/nextstage_platform_clean/platform.gen/sources_1/bd/prepcb_ps/ip/prepcb_ps_task_bram_0/src/axi_bram_ctrl.h	CURRENT_V5_ONLY
E:/Codex_project/AMD_Sonofield/.portability/nextstage_clean_20261010/v5/build/nextstage_platform_clean/platform.gen/sources_1/bd/prepcb_ps/ip/prepcb_ps_task_bram_0/src/axi_bram_ctrl.cpp	CURRENT_V5_ONLY
E:/Codex_project/AMD_Sonofield/.portability/nextstage_clean_20261010/v5/build/nextstage_platform_clean/platform.gen/sources_1/bd/prepcb_ps/ip/prepcb_ps_task_bram_0/src/axi_bram_ram_fmodel.cxx	CURRENT_V5_ONLY
E:/Codex_project/AMD_Sonofield/.portability/nextstage_clean_20261010/v5/build/nextstage_platform_clean/platform.gen/sources_1/bd/prepcb_ps/ip/prepcb_ps_task_bram_0/src/axi_bram_ram_fmodel.h	CURRENT_V5_ONLY
E:/Codex_project/AMD_Sonofield/.portability/nextstage_clean_20261010/v5/build/nextstage_platform_clean/platform.gen/sources_1/bd/prepcb_ps/ip/prepcb_ps_task_bram_0/src/axi_bram_memory_imp.cpp	CURRENT_V5_ONLY
E:/Codex_project/AMD_Sonofield/.portability/nextstage_clean_20261010/v5/build/nextstage_platform_clean/platform.gen/sources_1/bd/prepcb_ps/ip/prepcb_ps_task_bram_0/src/axi_bram_memory_imp.h	CURRENT_V5_ONLY
E:/Codex_project/AMD_Sonofield/.portability/nextstage_clean_20261010/v5/build/nextstage_platform_clean/platform.gen/sources_1/bd/prepcb_ps/ip/prepcb_ps_task_bram_0/src/axi_bram_fmodel_shared_memory.h	CURRENT_V5_ONLY
E:/Codex_project/AMD_Sonofield/.portability/nextstage_clean_20261010/v5/build/nextstage_platform_clean/platform.gen/sources_1/bd/prepcb_ps/ip/prepcb_ps_task_bram_0/src/axi_bram_fmodel_shared_memory.cxx	CURRENT_V5_ONLY
E:/Codex_project/AMD_Sonofield/.portability/nextstage_clean_20261010/v5/build/nextstage_platform_clean/platform.gen/sources_1/bd/prepcb_ps/ip/prepcb_ps_task_bram_0/src/axi_bram_fmodel_base.cxx	CURRENT_V5_ONLY
E:/Codex_project/AMD_Sonofield/.portability/nextstage_clean_20261010/v5/build/nextstage_platform_clean/platform.gen/sources_1/bd/prepcb_ps/ip/prepcb_ps_task_bram_0/src/axi_bram_fmodel_base.h	CURRENT_V5_ONLY
E:/Codex_project/AMD_Sonofield/.portability/nextstage_clean_20261010/v5/build/nextstage_platform_clean/platform.gen/sources_1/bd/prepcb_ps/ip/prepcb_ps_task_bram_0/src/P2P_XTLM_extension.h	CURRENT_V5_ONLY
E:/Codex_project/AMD_Sonofield/.portability/nextstage_clean_20261010/v5/build/nextstage_platform_clean/platform.gen/sources_1/bd/prepcb_ps/ip/prepcb_ps_task_bram_0/sim/prepcb_ps_task_bram_0_sc.h	CURRENT_V5_ONLY
E:/Codex_project/AMD_Sonofield/.portability/nextstage_clean_20261010/v5/build/nextstage_platform_clean/platform.gen/sources_1/bd/prepcb_ps/ip/prepcb_ps_task_bram_0/sim/prepcb_ps_task_bram_0_sc.cpp	CURRENT_V5_ONLY
E:/Codex_project/AMD_Sonofield/.portability/nextstage_clean_20261010/v5/build/nextstage_platform_clean/platform.gen/sources_1/bd/prepcb_ps/ip/prepcb_ps_task_bram_0/sim/prepcb_ps_task_bram_0.h	CURRENT_V5_ONLY
E:/Codex_project/AMD_Sonofield/.portability/nextstage_clean_20261010/v5/build/nextstage_platform_clean/platform.gen/sources_1/bd/prepcb_ps/ip/prepcb_ps_task_bram_0/sim/prepcb_ps_task_bram_0.cpp	CURRENT_V5_ONLY
E:/Codex_project/AMD_Sonofield/.portability/nextstage_clean_20261010/v5/build/nextstage_platform_clean/platform.gen/sources_1/bd/prepcb_ps/ip/prepcb_ps_task_bram_0/sim/prepcb_ps_task_bram_0_stub.sv	CURRENT_V5_ONLY
E:/Codex_project/AMD_Sonofield/.portability/nextstage_clean_20261010/v5/build/nextstage_platform_clean/platform.gen/sources_1/bd/prepcb_ps/ip/prepcb_ps_task_bram_0/sim/prepcb_ps_task_bram_0.vhd	CURRENT_V5_ONLY
E:/Codex_project/AMD_Sonofield/.portability/nextstage_clean_20261010/v5/build/nextstage_platform_clean/platform.gen/sources_1/bd/prepcb_ps/ip/prepcb_ps_task_bram_0/synth/prepcb_ps_task_bram_0.vhd	CURRENT_V5_ONLY
E:/Codex_project/AMD_Sonofield/.portability/nextstage_clean_20261010/v5/build/nextstage_platform_clean/platform.gen/sources_1/bd/prepcb_ps/ip/prepcb_ps_task_bram_0/prepcb_ps_task_bram_0_ooc.xdc	CURRENT_V5_ONLY
E:/Codex_project/AMD_Sonofield/.portability/nextstage_clean_20261010/v5/build/nextstage_platform_clean/platform.gen/sources_1/bd/prepcb_ps/ip/prepcb_ps_task_bram_0/prepcb_ps_task_bram_0.xml	CURRENT_V5_ONLY
E:/Codex_project/AMD_Sonofield/.portability/nextstage_clean_20261010/v5/build/nextstage_platform_clean/platform.srcs/sources_1/bd/prepcb_ps/ip/prepcb_ps_task_memory_0/prepcb_ps_task_memory_0.xci	CURRENT_V5_ONLY
E:/Codex_project/AMD_Sonofield/.portability/nextstage_clean_20261010/v5/build/nextstage_platform_clean/platform.gen/sources_1/bd/prepcb_ps/ipshared/42f3/simulation/blk_mem_gen_v8_4.v	CURRENT_V5_ONLY
E:/Codex_project/AMD_Sonofield/.portability/nextstage_clean_20261010/v5/build/nextstage_platform_clean/platform.gen/sources_1/bd/prepcb_ps/ip/prepcb_ps_task_memory_0/sim/prepcb_ps_task_memory_0.v	CURRENT_V5_ONLY
E:/Codex_project/AMD_Sonofield/.portability/nextstage_clean_20261010/v5/build/nextstage_platform_clean/platform.gen/sources_1/bd/prepcb_ps/ip/prepcb_ps_task_memory_0/prepcb_ps_task_memory_0_ooc.xdc	CURRENT_V5_ONLY
E:/Codex_project/AMD_Sonofield/.portability/nextstage_clean_20261010/v5/build/nextstage_platform_clean/platform.gen/sources_1/bd/prepcb_ps/ipshared/42f3/hdl/blk_mem_gen_v8_4_vhsyn_rfs.vhd	CURRENT_V5_ONLY
E:/Codex_project/AMD_Sonofield/.portability/nextstage_clean_20261010/v5/build/nextstage_platform_clean/platform.gen/sources_1/bd/prepcb_ps/ip/prepcb_ps_task_memory_0/synth/prepcb_ps_task_memory_0.vhd	CURRENT_V5_ONLY
E:/Codex_project/AMD_Sonofield/.portability/nextstage_clean_20261010/v5/build/nextstage_platform_clean/platform.gen/sources_1/bd/prepcb_ps/ip/prepcb_ps_task_memory_0/prepcb_ps_task_memory_0.xml	CURRENT_V5_ONLY
E:/Codex_project/AMD_Sonofield/.portability/nextstage_clean_20261010/v5/build/nextstage_platform_clean/platform.srcs/sources_1/bd/prepcb_ps/ip/prepcb_ps_service_io_0/prepcb_ps_service_io_0.xci	CURRENT_V5_ONLY
E:/Codex_project/AMD_Sonofield/.portability/nextstage_clean_20261010/v5/build/nextstage_platform_clean/platform.gen/sources_1/bd/prepcb_ps/ip/prepcb_ps_service_io_0/prepcb_ps_service_io_0_board.xdc	CURRENT_V5_ONLY
E:/Codex_project/AMD_Sonofield/.portability/nextstage_clean_20261010/v5/build/nextstage_platform_clean/platform.gen/sources_1/bd/prepcb_ps/ipshared/66ea/hdl/axi_lite_ipif_v3_0_vh_rfs.vhd	CURRENT_V5_ONLY
E:/Codex_project/AMD_Sonofield/.portability/nextstage_clean_20261010/v5/build/nextstage_platform_clean/platform.gen/sources_1/bd/prepcb_ps/ipshared/d8cc/hdl/interrupt_control_v3_1_vh_rfs.vhd	CURRENT_V5_ONLY
E:/Codex_project/AMD_Sonofield/.portability/nextstage_clean_20261010/v5/build/nextstage_platform_clean/platform.gen/sources_1/bd/prepcb_ps/ip/prepcb_ps_service_io_0/prepcb_ps_service_io_0_ooc.xdc	CURRENT_V5_ONLY
E:/Codex_project/AMD_Sonofield/.portability/nextstage_clean_20261010/v5/build/nextstage_platform_clean/platform.gen/sources_1/bd/prepcb_ps/ipshared/0271/hdl/axi_gpio_v2_0_vh_rfs.vhd	CURRENT_V5_ONLY
E:/Codex_project/AMD_Sonofield/.portability/nextstage_clean_20261010/v5/build/nextstage_platform_clean/platform.gen/sources_1/bd/prepcb_ps/ip/prepcb_ps_service_io_0/sim/prepcb_ps_service_io_0.vhd	CURRENT_V5_ONLY
E:/Codex_project/AMD_Sonofield/.portability/nextstage_clean_20261010/v5/build/nextstage_platform_clean/platform.gen/sources_1/bd/prepcb_ps/ip/prepcb_ps_service_io_0/synth/prepcb_ps_service_io_0.vhd	CURRENT_V5_ONLY
E:/Codex_project/AMD_Sonofield/.portability/nextstage_clean_20261010/v5/build/nextstage_platform_clean/platform.gen/sources_1/bd/prepcb_ps/ip/prepcb_ps_service_io_0/prepcb_ps_service_io_0.xml	CURRENT_V5_ONLY
E:/Codex_project/AMD_Sonofield/.portability/nextstage_clean_20261010/v5/build/nextstage_platform_clean/platform.srcs/sources_1/bd/prepcb_ps/ip/prepcb_ps_reset_0/prepcb_ps_reset_0.xci	CURRENT_V5_ONLY
E:/Codex_project/AMD_Sonofield/.portability/nextstage_clean_20261010/v5/build/nextstage_platform_clean/platform.gen/sources_1/bd/prepcb_ps/ip/prepcb_ps_reset_0/prepcb_ps_reset_0_board.xdc	CURRENT_V5_ONLY
E:/Codex_project/AMD_Sonofield/.portability/nextstage_clean_20261010/v5/build/nextstage_platform_clean/platform.gen/sources_1/bd/prepcb_ps/ipshared/9438/hdl/proc_sys_reset_v5_0_vh_rfs.vhd	CURRENT_V5_ONLY
E:/Codex_project/AMD_Sonofield/.portability/nextstage_clean_20261010/v5/build/nextstage_platform_clean/platform.gen/sources_1/bd/prepcb_ps/ip/prepcb_ps_reset_0/sim/prepcb_ps_reset_0.vhd	CURRENT_V5_ONLY
E:/Codex_project/AMD_Sonofield/.portability/nextstage_clean_20261010/v5/build/nextstage_platform_clean/platform.gen/sources_1/bd/prepcb_ps/ip/prepcb_ps_reset_0/synth/prepcb_ps_reset_0.vhd	CURRENT_V5_ONLY
E:/Codex_project/AMD_Sonofield/.portability/nextstage_clean_20261010/v5/build/nextstage_platform_clean/platform.gen/sources_1/bd/prepcb_ps/ip/prepcb_ps_reset_0/prepcb_ps_reset_0_ooc.xdc	CURRENT_V5_ONLY
E:/Codex_project/AMD_Sonofield/.portability/nextstage_clean_20261010/v5/build/nextstage_platform_clean/platform.gen/sources_1/bd/prepcb_ps/ip/prepcb_ps_reset_0/prepcb_ps_reset_0.xml	CURRENT_V5_ONLY
E:/Codex_project/AMD_Sonofield/.portability/nextstage_clean_20261010/v5/build/nextstage_platform_clean/platform.srcs/sources_1/bd/prepcb_ps/ip/prepcb_ps_pl_core_0/prepcb_ps_pl_core_0.xci	CURRENT_V5_ONLY
E:/Codex_project/AMD_Sonofield/.portability/nextstage_clean_20261010/v5/build/nextstage_platform_clean/platform.gen/sources_1/bd/prepcb_ps/ip/prepcb_ps_pl_core_0/sim/prepcb_ps_pl_core_0.v	CURRENT_V5_ONLY
E:/Codex_project/AMD_Sonofield/.portability/nextstage_clean_20261010/v5/build/nextstage_platform_clean/platform.gen/sources_1/bd/prepcb_ps/ip/prepcb_ps_pl_core_0/synth/prepcb_ps_pl_core_0.v	CURRENT_V5_ONLY
E:/Codex_project/AMD_Sonofield/.portability/nextstage_clean_20261010/v5/build/nextstage_platform_clean/platform.gen/sources_1/bd/prepcb_ps/ip/prepcb_ps_pl_core_0/prepcb_ps_pl_core_0.xml	CURRENT_V5_ONLY
E:/Codex_project/AMD_Sonofield/.portability/nextstage_clean_20261010/v5/build/nextstage_platform_clean/platform.srcs/sources_1/bd/prepcb_ps/ip/prepcb_ps_control_slice_0/prepcb_ps_control_slice_0.xci	CURRENT_V5_ONLY
E:/Codex_project/AMD_Sonofield/.portability/nextstage_clean_20261010/v5/build/nextstage_platform_clean/platform.gen/sources_1/bd/prepcb_ps/ip/prepcb_ps_control_slice_0/sysc/xlslice_v1_0_xlslice.txt	CURRENT_V5_ONLY
E:/Codex_project/AMD_Sonofield/.portability/nextstage_clean_20261010/v5/build/nextstage_platform_clean/platform.gen/sources_1/bd/prepcb_ps/ip/prepcb_ps_control_slice_0/sysc/prepcb_ps_control_slice_0_core.h	CURRENT_V5_ONLY
E:/Codex_project/AMD_Sonofield/.portability/nextstage_clean_20261010/v5/build/nextstage_platform_clean/platform.gen/sources_1/bd/prepcb_ps/ipshared/6792/hdl/xlslice_v1_0_vl_rfs.v	CURRENT_V5_ONLY
E:/Codex_project/AMD_Sonofield/.portability/nextstage_clean_20261010/v5/build/nextstage_platform_clean/platform.gen/sources_1/bd/prepcb_ps/ip/prepcb_ps_control_slice_0/sim/prepcb_ps_control_slice_0_sc.h	CURRENT_V5_ONLY
E:/Codex_project/AMD_Sonofield/.portability/nextstage_clean_20261010/v5/build/nextstage_platform_clean/platform.gen/sources_1/bd/prepcb_ps/ip/prepcb_ps_control_slice_0/sim/prepcb_ps_control_slice_0_sc.cpp	CURRENT_V5_ONLY
E:/Codex_project/AMD_Sonofield/.portability/nextstage_clean_20261010/v5/build/nextstage_platform_clean/platform.gen/sources_1/bd/prepcb_ps/ip/prepcb_ps_control_slice_0/sim/prepcb_ps_control_slice_0.h	CURRENT_V5_ONLY
E:/Codex_project/AMD_Sonofield/.portability/nextstage_clean_20261010/v5/build/nextstage_platform_clean/platform.gen/sources_1/bd/prepcb_ps/ip/prepcb_ps_control_slice_0/sim/prepcb_ps_control_slice_0.cpp	CURRENT_V5_ONLY
E:/Codex_project/AMD_Sonofield/.portability/nextstage_clean_20261010/v5/build/nextstage_platform_clean/platform.gen/sources_1/bd/prepcb_ps/ip/prepcb_ps_control_slice_0/sim/prepcb_ps_control_slice_0_stub.sv	CURRENT_V5_ONLY
E:/Codex_project/AMD_Sonofield/.portability/nextstage_clean_20261010/v5/build/nextstage_platform_clean/platform.gen/sources_1/bd/prepcb_ps/ip/prepcb_ps_control_slice_0/sim/prepcb_ps_control_slice_0.v	CURRENT_V5_ONLY
E:/Codex_project/AMD_Sonofield/.portability/nextstage_clean_20261010/v5/build/nextstage_platform_clean/platform.gen/sources_1/bd/prepcb_ps/ip/prepcb_ps_control_slice_0/synth/prepcb_ps_control_slice_0.v	CURRENT_V5_ONLY
E:/Codex_project/AMD_Sonofield/.portability/nextstage_clean_20261010/v5/build/nextstage_platform_clean/platform.gen/sources_1/bd/prepcb_ps/ip/prepcb_ps_control_slice_0/prepcb_ps_control_slice_0.xml	CURRENT_V5_ONLY
E:/Codex_project/AMD_Sonofield/.portability/nextstage_clean_20261010/v5/build/nextstage_platform_clean/platform.srcs/sources_1/bd/prepcb_ps/ip/prepcb_ps_irq_concat_0/prepcb_ps_irq_concat_0.xci	CURRENT_V5_ONLY
E:/Codex_project/AMD_Sonofield/.portability/nextstage_clean_20261010/v5/build/nextstage_platform_clean/platform.gen/sources_1/bd/prepcb_ps/ip/prepcb_ps_irq_concat_0/sysc/xlconcat_v2_1_xlconcat_h.txt	CURRENT_V5_ONLY
E:/Codex_project/AMD_Sonofield/.portability/nextstage_clean_20261010/v5/build/nextstage_platform_clean/platform.gen/sources_1/bd/prepcb_ps/ip/prepcb_ps_irq_concat_0/sysc/prepcb_ps_irq_concat_0_core.h	CURRENT_V5_ONLY
E:/Codex_project/AMD_Sonofield/.portability/nextstage_clean_20261010/v5/build/nextstage_platform_clean/platform.gen/sources_1/bd/prepcb_ps/ipshared/9c1a/hdl/xlconcat_v2_1_vl_rfs.v	CURRENT_V5_ONLY
E:/Codex_project/AMD_Sonofield/.portability/nextstage_clean_20261010/v5/build/nextstage_platform_clean/platform.gen/sources_1/bd/prepcb_ps/ip/prepcb_ps_irq_concat_0/sim/prepcb_ps_irq_concat_0_sc.h	CURRENT_V5_ONLY
E:/Codex_project/AMD_Sonofield/.portability/nextstage_clean_20261010/v5/build/nextstage_platform_clean/platform.gen/sources_1/bd/prepcb_ps/ip/prepcb_ps_irq_concat_0/sim/prepcb_ps_irq_concat_0_sc.cpp	CURRENT_V5_ONLY
E:/Codex_project/AMD_Sonofield/.portability/nextstage_clean_20261010/v5/build/nextstage_platform_clean/platform.gen/sources_1/bd/prepcb_ps/ip/prepcb_ps_irq_concat_0/sim/prepcb_ps_irq_concat_0.h	CURRENT_V5_ONLY
E:/Codex_project/AMD_Sonofield/.portability/nextstage_clean_20261010/v5/build/nextstage_platform_clean/platform.gen/sources_1/bd/prepcb_ps/ip/prepcb_ps_irq_concat_0/sim/prepcb_ps_irq_concat_0.cpp	CURRENT_V5_ONLY
E:/Codex_project/AMD_Sonofield/.portability/nextstage_clean_20261010/v5/build/nextstage_platform_clean/platform.gen/sources_1/bd/prepcb_ps/ip/prepcb_ps_irq_concat_0/sim/prepcb_ps_irq_concat_0_stub.sv	CURRENT_V5_ONLY
E:/Codex_project/AMD_Sonofield/.portability/nextstage_clean_20261010/v5/build/nextstage_platform_clean/platform.gen/sources_1/bd/prepcb_ps/ip/prepcb_ps_irq_concat_0/sim/prepcb_ps_irq_concat_0.v	CURRENT_V5_ONLY
E:/Codex_project/AMD_Sonofield/.portability/nextstage_clean_20261010/v5/build/nextstage_platform_clean/platform.gen/sources_1/bd/prepcb_ps/ip/prepcb_ps_irq_concat_0/synth/prepcb_ps_irq_concat_0.v	CURRENT_V5_ONLY
E:/Codex_project/AMD_Sonofield/.portability/nextstage_clean_20261010/v5/build/nextstage_platform_clean/platform.gen/sources_1/bd/prepcb_ps/ip/prepcb_ps_irq_concat_0/prepcb_ps_irq_concat_0.xml	CURRENT_V5_ONLY
E:/Codex_project/AMD_Sonofield/.portability/nextstage_clean_20261010/v5/build/nextstage_platform_clean/platform.srcs/sources_1/bd/prepcb_ps/ip/prepcb_ps_i2c_center_0/prepcb_ps_i2c_center_0.xci	CURRENT_V5_ONLY
E:/Codex_project/AMD_Sonofield/.portability/nextstage_clean_20261010/v5/build/nextstage_platform_clean/platform.gen/sources_1/bd/prepcb_ps/ip/prepcb_ps_i2c_center_0/prepcb_ps_i2c_center_0_board.xdc	CURRENT_V5_ONLY
E:/Codex_project/AMD_Sonofield/.portability/nextstage_clean_20261010/v5/build/nextstage_platform_clean/platform.gen/sources_1/bd/prepcb_ps/ipshared/66ea/hdl/axi_lite_ipif_v3_0_vh_rfs.vhd	CURRENT_V5_ONLY
E:/Codex_project/AMD_Sonofield/.portability/nextstage_clean_20261010/v5/build/nextstage_platform_clean/platform.gen/sources_1/bd/prepcb_ps/ipshared/d8cc/hdl/interrupt_control_v3_1_vh_rfs.vhd	CURRENT_V5_ONLY
E:/Codex_project/AMD_Sonofield/.portability/nextstage_clean_20261010/v5/build/nextstage_platform_clean/platform.gen/sources_1/bd/prepcb_ps/ipshared/67c0/hdl/axi_iic_v2_1_vh_rfs.vhd	CURRENT_V5_ONLY
E:/Codex_project/AMD_Sonofield/.portability/nextstage_clean_20261010/v5/build/nextstage_platform_clean/platform.gen/sources_1/bd/prepcb_ps/ip/prepcb_ps_i2c_center_0/sim/prepcb_ps_i2c_center_0.vhd	CURRENT_V5_ONLY
E:/Codex_project/AMD_Sonofield/.portability/nextstage_clean_20261010/v5/build/nextstage_platform_clean/platform.gen/sources_1/bd/prepcb_ps/ip/prepcb_ps_i2c_center_0/prepcb_ps_i2c_center_0_ooc.xdc	CURRENT_V5_ONLY
E:/Codex_project/AMD_Sonofield/.portability/nextstage_clean_20261010/v5/build/nextstage_platform_clean/platform.gen/sources_1/bd/prepcb_ps/ip/prepcb_ps_i2c_center_0/synth/prepcb_ps_i2c_center_0.vhd	CURRENT_V5_ONLY
E:/Codex_project/AMD_Sonofield/.portability/nextstage_clean_20261010/v5/build/nextstage_platform_clean/platform.gen/sources_1/bd/prepcb_ps/ip/prepcb_ps_i2c_center_0/prepcb_ps_i2c_center_0.xml	CURRENT_V5_ONLY
E:/Codex_project/AMD_Sonofield/.portability/nextstage_clean_20261010/v5/build/nextstage_platform_clean/platform.srcs/sources_1/bd/prepcb_ps/ip/prepcb_ps_i2c_upper_0/prepcb_ps_i2c_upper_0.xci	CURRENT_V5_ONLY
E:/Codex_project/AMD_Sonofield/.portability/nextstage_clean_20261010/v5/build/nextstage_platform_clean/platform.gen/sources_1/bd/prepcb_ps/ip/prepcb_ps_i2c_upper_0/prepcb_ps_i2c_upper_0_board.xdc	CURRENT_V5_ONLY
E:/Codex_project/AMD_Sonofield/.portability/nextstage_clean_20261010/v5/build/nextstage_platform_clean/platform.gen/sources_1/bd/prepcb_ps/ipshared/66ea/hdl/axi_lite_ipif_v3_0_vh_rfs.vhd	CURRENT_V5_ONLY
E:/Codex_project/AMD_Sonofield/.portability/nextstage_clean_20261010/v5/build/nextstage_platform_clean/platform.gen/sources_1/bd/prepcb_ps/ipshared/d8cc/hdl/interrupt_control_v3_1_vh_rfs.vhd	CURRENT_V5_ONLY
E:/Codex_project/AMD_Sonofield/.portability/nextstage_clean_20261010/v5/build/nextstage_platform_clean/platform.gen/sources_1/bd/prepcb_ps/ipshared/67c0/hdl/axi_iic_v2_1_vh_rfs.vhd	CURRENT_V5_ONLY
E:/Codex_project/AMD_Sonofield/.portability/nextstage_clean_20261010/v5/build/nextstage_platform_clean/platform.gen/sources_1/bd/prepcb_ps/ip/prepcb_ps_i2c_upper_0/sim/prepcb_ps_i2c_upper_0.vhd	CURRENT_V5_ONLY
E:/Codex_project/AMD_Sonofield/.portability/nextstage_clean_20261010/v5/build/nextstage_platform_clean/platform.gen/sources_1/bd/prepcb_ps/ip/prepcb_ps_i2c_upper_0/prepcb_ps_i2c_upper_0_ooc.xdc	CURRENT_V5_ONLY
E:/Codex_project/AMD_Sonofield/.portability/nextstage_clean_20261010/v5/build/nextstage_platform_clean/platform.gen/sources_1/bd/prepcb_ps/ip/prepcb_ps_i2c_upper_0/synth/prepcb_ps_i2c_upper_0.vhd	CURRENT_V5_ONLY
E:/Codex_project/AMD_Sonofield/.portability/nextstage_clean_20261010/v5/build/nextstage_platform_clean/platform.gen/sources_1/bd/prepcb_ps/ip/prepcb_ps_i2c_upper_0/prepcb_ps_i2c_upper_0.xml	CURRENT_V5_ONLY
E:/Codex_project/AMD_Sonofield/.portability/nextstage_clean_20261010/v5/build/nextstage_platform_clean/platform.srcs/sources_1/bd/prepcb_ps/ip/prepcb_ps_i2c_lower_0/prepcb_ps_i2c_lower_0.xci	CURRENT_V5_ONLY
E:/Codex_project/AMD_Sonofield/.portability/nextstage_clean_20261010/v5/build/nextstage_platform_clean/platform.gen/sources_1/bd/prepcb_ps/ip/prepcb_ps_i2c_lower_0/prepcb_ps_i2c_lower_0_board.xdc	CURRENT_V5_ONLY
E:/Codex_project/AMD_Sonofield/.portability/nextstage_clean_20261010/v5/build/nextstage_platform_clean/platform.gen/sources_1/bd/prepcb_ps/ipshared/66ea/hdl/axi_lite_ipif_v3_0_vh_rfs.vhd	CURRENT_V5_ONLY
E:/Codex_project/AMD_Sonofield/.portability/nextstage_clean_20261010/v5/build/nextstage_platform_clean/platform.gen/sources_1/bd/prepcb_ps/ipshared/d8cc/hdl/interrupt_control_v3_1_vh_rfs.vhd	CURRENT_V5_ONLY
E:/Codex_project/AMD_Sonofield/.portability/nextstage_clean_20261010/v5/build/nextstage_platform_clean/platform.gen/sources_1/bd/prepcb_ps/ipshared/67c0/hdl/axi_iic_v2_1_vh_rfs.vhd	CURRENT_V5_ONLY
E:/Codex_project/AMD_Sonofield/.portability/nextstage_clean_20261010/v5/build/nextstage_platform_clean/platform.gen/sources_1/bd/prepcb_ps/ip/prepcb_ps_i2c_lower_0/sim/prepcb_ps_i2c_lower_0.vhd	CURRENT_V5_ONLY
E:/Codex_project/AMD_Sonofield/.portability/nextstage_clean_20261010/v5/build/nextstage_platform_clean/platform.gen/sources_1/bd/prepcb_ps/ip/prepcb_ps_i2c_lower_0/prepcb_ps_i2c_lower_0_ooc.xdc	CURRENT_V5_ONLY
E:/Codex_project/AMD_Sonofield/.portability/nextstage_clean_20261010/v5/build/nextstage_platform_clean/platform.gen/sources_1/bd/prepcb_ps/ip/prepcb_ps_i2c_lower_0/synth/prepcb_ps_i2c_lower_0.vhd	CURRENT_V5_ONLY
E:/Codex_project/AMD_Sonofield/.portability/nextstage_clean_20261010/v5/build/nextstage_platform_clean/platform.gen/sources_1/bd/prepcb_ps/ip/prepcb_ps_i2c_lower_0/prepcb_ps_i2c_lower_0.xml	CURRENT_V5_ONLY
E:/Codex_project/AMD_Sonofield/.portability/nextstage_clean_20261010/v5/build/nextstage_platform_clean/platform.gen/sources_1/bd/prepcb_ps/synth/prepcb_ps.v	CURRENT_V5_ONLY
E:/Codex_project/AMD_Sonofield/.portability/nextstage_clean_20261010/v5/build/nextstage_platform_clean/platform.gen/sources_1/bd/prepcb_ps/sim/prepcb_ps.v	CURRENT_V5_ONLY
E:/Codex_project/AMD_Sonofield/.portability/nextstage_clean_20261010/v5/build/nextstage_platform_clean/platform.gen/sources_1/bd/prepcb_ps/prepcb_ps.bmm	CURRENT_V5_ONLY
E:/Codex_project/AMD_Sonofield/.portability/nextstage_clean_20261010/v5/build/nextstage_platform_clean/platform.gen/sources_1/bd/prepcb_ps/prepcb_ps_ooc.xdc	CURRENT_V5_ONLY
E:/Codex_project/AMD_Sonofield/.portability/nextstage_clean_20261010/v5/build/nextstage_platform_clean/platform.gen/sources_1/bd/prepcb_ps/hw_handoff/prepcb_ps.hwh	CURRENT_V5_ONLY
E:/Codex_project/AMD_Sonofield/.portability/nextstage_clean_20261010/v5/build/nextstage_platform_clean/platform.gen/sources_1/bd/prepcb_ps/prepcb_ps.bda	CURRENT_V5_ONLY
E:/Codex_project/AMD_Sonofield/.portability/nextstage_clean_20261010/v5/build/nextstage_platform_clean/platform.gen/sources_1/bd/prepcb_ps/synth/prepcb_ps.hwdef	CURRENT_V5_ONLY
E:/Codex_project/AMD_Sonofield/.portability/nextstage_clean_20261010/v5/build/nextstage_platform_clean/platform.gen/sources_1/bd/prepcb_ps/sim/prepcb_ps.protoinst	CURRENT_V5_ONLY
E:/Codex_project/AMD_Sonofield/.portability/nextstage_clean_20261010/v5/build/nextstage_platform_clean/platform.gen/sources_1/bd/prepcb_ps/prepcb_ps.vho	CURRENT_V5_ONLY
E:/Codex_project/AMD_Sonofield/.portability/nextstage_clean_20261010/v5/build/nextstage_platform_clean/platform.gen/sources_1/bd/prepcb_ps/prepcb_ps.veo	CURRENT_V5_ONLY
E:/Codex_project/AMD_Sonofield/.portability/nextstage_clean_20261010/v5/build/nextstage_platform_clean/platform.gen/sources_1/bd/prepcb_ps/prepcb_ps_sv.sveo	CURRENT_V5_ONLY
E:/Codex_project/AMD_Sonofield/.portability/nextstage_clean_20261010/v5/build/nextstage_platform_clean/platform.srcs/sources_1/imports/hdl/prepcb_ps_wrapper.v	CURRENT_V5_ONLY
