connector,pin,documented_net,package_pin,bank,vcco,direction,v5_signal,status,series_resistor,central_path,array_path
J10,1,GND,-,,,POWER_OR_GROUND,,V2_DOCUMENT_CANDIDATE_REV3_MATCH_PENDING,,GND reference only,
J10,2,+5V,-,,,POWER_OR_GROUND,,V2_DOCUMENT_CANDIDATE_REV3_MATCH_PENDING,,NO_CONNECT_NO_ARRAY_POWER,
J10,3,EX_IO1_1N,W19,34,3.3V_DOCUMENTED_NOT_MEASURED,OUT,TX_DATA_UP[0],V2_DOCUMENT_CANDIDATE_REV3_MATCH_PENDING,33ohm documented,qualified 3.3V/Ioff buffering; no direct power,direction-qualified AXC candidate or central ADC
J10,4,EX_IO1_1P,W18,34,3.3V_DOCUMENTED_NOT_MEASURED,OUT,TX_DATA_UP[1],V2_DOCUMENT_CANDIDATE_REV3_MATCH_PENDING,33ohm documented,qualified 3.3V/Ioff buffering; no direct power,direction-qualified AXC candidate or central ADC
J10,5,EX_IO1_2N,R14,34,3.3V_DOCUMENTED_NOT_MEASURED,OUT,TX_DATA_UP[2],V2_DOCUMENT_CANDIDATE_REV3_MATCH_PENDING,33ohm documented,qualified 3.3V/Ioff buffering; no direct power,direction-qualified AXC candidate or central ADC
J10,6,EX_IO1_2P,P14,34,3.3V_DOCUMENTED_NOT_MEASURED,OUT,TX_DATA_UP[3],V2_DOCUMENT_CANDIDATE_REV3_MATCH_PENDING,33ohm documented,qualified 3.3V/Ioff buffering; no direct power,direction-qualified AXC candidate or central ADC
J10,7,EX_IO1_3N,Y17,34,3.3V_DOCUMENTED_NOT_MEASURED,OUT,TX_DATA_UP[4],V2_DOCUMENT_CANDIDATE_REV3_MATCH_PENDING,33ohm documented,qualified 3.3V/Ioff buffering; no direct power,direction-qualified AXC candidate or central ADC
J10,8,EX_IO1_3P,Y16,34,3.3V_DOCUMENTED_NOT_MEASURED,OUT,TX_DATA_UP[5],V2_DOCUMENT_CANDIDATE_REV3_MATCH_PENDING,33ohm documented,qualified 3.3V/Ioff buffering; no direct power,direction-qualified AXC candidate or central ADC
J10,9,EX_IO1_4N,W15,34,3.3V_DOCUMENTED_NOT_MEASURED,OUT,TX_DATA_UP[6],V2_DOCUMENT_CANDIDATE_REV3_MATCH_PENDING,33ohm documented,qualified 3.3V/Ioff buffering; no direct power,direction-qualified AXC candidate or central ADC
J10,10,EX_IO1_4P,V15,34,3.3V_DOCUMENTED_NOT_MEASURED,OUT,TX_DATA_UP[7],V2_DOCUMENT_CANDIDATE_REV3_MATCH_PENDING,33ohm documented,qualified 3.3V/Ioff buffering; no direct power,direction-qualified AXC candidate or central ADC
J10,11,EX_IO1_5N,Y14,34,3.3V_DOCUMENTED_NOT_MEASURED,OUT,TX_DATA_UP[8],V2_DOCUMENT_CANDIDATE_REV3_MATCH_PENDING,33ohm documented,qualified 3.3V/Ioff buffering; no direct power,direction-qualified AXC candidate or central ADC
J10,12,EX_IO1_5P,W14,34,3.3V_DOCUMENTED_NOT_MEASURED,OUT,TX_DATA_UP[9],V2_DOCUMENT_CANDIDATE_REV3_MATCH_PENDING,33ohm documented,qualified 3.3V/Ioff buffering; no direct power,direction-qualified AXC candidate or central ADC
J10,13,EX_IO1_6N,P18,34,3.3V_DOCUMENTED_NOT_MEASURED,OUT,TX_DATA_UP[10],V2_DOCUMENT_CANDIDATE_REV3_MATCH_PENDING,33ohm documented,qualified 3.3V/Ioff buffering; no direct power,direction-qualified AXC candidate or central ADC
J10,14,EX_IO1_6P,N17,34,3.3V_DOCUMENTED_NOT_MEASURED,OUT,TX_DATA_UP[11],V2_DOCUMENT_CANDIDATE_REV3_MATCH_PENDING,33ohm documented,qualified 3.3V/Ioff buffering; no direct power,direction-qualified AXC candidate or central ADC
J10,15,EX_IO1_7N,U15,34,3.3V_DOCUMENTED_NOT_MEASURED,OUT,TX_DATA_UP[12],V2_DOCUMENT_CANDIDATE_REV3_MATCH_PENDING,33ohm documented,qualified 3.3V/Ioff buffering; no direct power,direction-qualified AXC candidate or central ADC
J10,16,EX_IO1_7P,U14,34,3.3V_DOCUMENTED_NOT_MEASURED,OUT,TX_DATA_UP[13],V2_DOCUMENT_CANDIDATE_REV3_MATCH_PENDING,33ohm documented,qualified 3.3V/Ioff buffering; no direct power,direction-qualified AXC candidate or central ADC
J10,17,EX_IO1_8N,P16,34,3.3V_DOCUMENTED_NOT_MEASURED,OUT,TX_DATA_UP[14],V2_DOCUMENT_CANDIDATE_REV3_MATCH_PENDING,33ohm documented,qualified 3.3V/Ioff buffering; no direct power,direction-qualified AXC candidate or central ADC
J10,18,EX_IO1_8P,P15,34,3.3V_DOCUMENTED_NOT_MEASURED,OUT,TX_DATA_UP[15],V2_DOCUMENT_CANDIDATE_REV3_MATCH_PENDING,33ohm documented,qualified 3.3V/Ioff buffering; no direct power,direction-qualified AXC candidate or central ADC
J10,19,EX_IO1_9N,U17,34,3.3V_DOCUMENTED_NOT_MEASURED,OUT,UP_SRCLK,V2_DOCUMENT_CANDIDATE_REV3_MATCH_PENDING,33ohm documented,qualified 3.3V/Ioff buffering; no direct power,local clock fanout
J10,20,EX_IO1_9P,T16,34,3.3V_DOCUMENTED_NOT_MEASURED,OUT,UP_RCLK,V2_DOCUMENT_CANDIDATE_REV3_MATCH_PENDING,33ohm documented,qualified 3.3V/Ioff buffering; no direct power,local clock fanout
J10,21,EX_IO1_10N,V18,34,3.3V_DOCUMENTED_NOT_MEASURED,OUT,UP_OE_N,V2_DOCUMENT_CANDIDATE_REV3_MATCH_PENDING,33ohm documented,qualified 3.3V/Ioff buffering; no direct power,direction-qualified AXC candidate or central ADC
J10,22,EX_IO1_10P,V17,34,3.3V_DOCUMENTED_NOT_MEASURED,OUT,UP_RESET_N,V2_DOCUMENT_CANDIDATE_REV3_MATCH_PENDING,33ohm documented,qualified 3.3V/Ioff buffering; no direct power,direction-qualified AXC candidate or central ADC
J10,23,EX_IO1_11N,T15,34,3.3V_DOCUMENTED_NOT_MEASURED,OUT,UP_RX_BLANK,V2_DOCUMENT_CANDIDATE_REV3_MATCH_PENDING,33ohm documented,qualified 3.3V/Ioff buffering; no direct power,direction-qualified AXC candidate or central ADC
J10,24,EX_IO1_11P,T14,34,3.3V_DOCUMENTED_NOT_MEASURED,OUT,UP_HEARTBEAT,V2_DOCUMENT_CANDIDATE_REV3_MATCH_PENDING,33ohm documented,qualified 3.3V/Ioff buffering; no direct power,direction-qualified AXC candidate or central ADC
J10,25,EX_IO1_12N,V13,34,3.3V_DOCUMENTED_NOT_MEASURED,OUT,UP_SYNC,V2_DOCUMENT_CANDIDATE_REV3_MATCH_PENDING,33ohm documented,qualified 3.3V/Ioff buffering; no direct power,direction-qualified AXC candidate or central ADC
J10,26,EX_IO1_12P,U13,34,3.3V_DOCUMENTED_NOT_MEASURED,IN,UP_PGOOD,V2_DOCUMENT_CANDIDATE_REV3_MATCH_PENDING,33ohm documented,qualified 3.3V/Ioff buffering; no direct power,direction-qualified AXC candidate or central ADC
J10,27,EX_IO1_13N,W13,34,3.3V_DOCUMENTED_NOT_MEASURED,IN,UP_FAULT_N,V2_DOCUMENT_CANDIDATE_REV3_MATCH_PENDING,33ohm documented,qualified 3.3V/Ioff buffering; no direct power,direction-qualified AXC candidate or central ADC
J10,28,EX_IO1_13P,V12,34,3.3V_DOCUMENTED_NOT_MEASURED,OUT,ADC_CONVST,V2_DOCUMENT_CANDIDATE_REV3_MATCH_PENDING,33ohm documented,qualified 3.3V/Ioff buffering; no direct power,direction-qualified AXC candidate or central ADC
J10,29,EX_IO1_14N,U12,34,3.3V_DOCUMENTED_NOT_MEASURED,OUT,ADC_SCLK,V2_DOCUMENT_CANDIDATE_REV3_MATCH_PENDING,33ohm documented,qualified 3.3V/Ioff buffering; no direct power,direction-qualified AXC candidate or central ADC
J10,30,EX_IO1_14P,T12,34,3.3V_DOCUMENTED_NOT_MEASURED,OUT,ADC_CS_N,V2_DOCUMENT_CANDIDATE_REV3_MATCH_PENDING,33ohm documented,qualified 3.3V/Ioff buffering; no direct power,direction-qualified AXC candidate or central ADC
J10,31,EX_IO1_15N,T10,34,3.3V_DOCUMENTED_NOT_MEASURED,OUT,ADC_SDI,V2_DOCUMENT_CANDIDATE_REV3_MATCH_PENDING,33ohm documented,qualified 3.3V/Ioff buffering; no direct power,direction-qualified AXC candidate or central ADC
J10,32,EX_IO1_15P,T11,34,3.3V_DOCUMENTED_NOT_MEASURED,OUT,ADC_RESET,V2_DOCUMENT_CANDIDATE_REV3_MATCH_PENDING,33ohm documented,qualified 3.3V/Ioff buffering; no direct power,direction-qualified AXC candidate or central ADC
J10,33,EX_IO1_16N,A20,35,3.3V_DOCUMENTED_NOT_MEASURED,IN,ADC_BUSY,V2_DOCUMENT_CANDIDATE_REV3_MATCH_PENDING,33ohm documented,qualified 3.3V/Ioff buffering; no direct power,direction-qualified AXC candidate or central ADC
J10,34,EX_IO1_16P,B19,35,3.3V_DOCUMENTED_NOT_MEASURED,IN,ADC_DOUT[0],V2_DOCUMENT_CANDIDATE_REV3_MATCH_PENDING,33ohm documented,qualified 3.3V/Ioff buffering; no direct power,direction-qualified AXC candidate or central ADC
J10,35,EX_IO1_17N,B20,35,3.3V_DOCUMENTED_NOT_MEASURED,IN,ADC_DOUT[1],V2_DOCUMENT_CANDIDATE_REV3_MATCH_PENDING,33ohm documented,qualified 3.3V/Ioff buffering; no direct power,direction-qualified AXC candidate or central ADC
J10,36,EX_IO1_17P,C20,35,3.3V_DOCUMENTED_NOT_MEASURED,IN,ADC_DOUT[2],V2_DOCUMENT_CANDIDATE_REV3_MATCH_PENDING,33ohm documented,qualified 3.3V/Ioff buffering; no direct power,direction-qualified AXC candidate or central ADC
J10,37,GND,-,,,POWER_OR_GROUND,,V2_DOCUMENT_CANDIDATE_REV3_MATCH_PENDING,,GND reference only,
J10,38,GND,-,,,POWER_OR_GROUND,,V2_DOCUMENT_CANDIDATE_REV3_MATCH_PENDING,,GND reference only,
J10,39,+3.3V,-,,,POWER_OR_GROUND,,V2_DOCUMENT_CANDIDATE_REV3_MATCH_PENDING,,NO_CONNECT_NO_ARRAY_POWER,
J10,40,+3.3V,-,,,POWER_OR_GROUND,,V2_DOCUMENT_CANDIDATE_REV3_MATCH_PENDING,,NO_CONNECT_NO_ARRAY_POWER,
J11,1,GND,-,,,POWER_OR_GROUND,,V2_DOCUMENT_CANDIDATE_REV3_MATCH_PENDING,,GND reference only,
J11,2,+5V,-,,,POWER_OR_GROUND,,V2_DOCUMENT_CANDIDATE_REV3_MATCH_PENDING,,NO_CONNECT_NO_ARRAY_POWER,
J11,3,EX_IO2_1N,F17,35,3.3V_DOCUMENTED_NOT_MEASURED,OUT,TX_DATA_DN[0],V2_DOCUMENT_CANDIDATE_REV3_MATCH_PENDING,33ohm documented,qualified 3.3V/Ioff buffering; no direct power,direction-qualified AXC candidate or central ADC
J11,4,EX_IO2_1P,F16,35,3.3V_DOCUMENTED_NOT_MEASURED,OUT,TX_DATA_DN[1],V2_DOCUMENT_CANDIDATE_REV3_MATCH_PENDING,33ohm documented,qualified 3.3V/Ioff buffering; no direct power,direction-qualified AXC candidate or central ADC
J11,5,EX_IO2_2N,F20,35,3.3V_DOCUMENTED_NOT_MEASURED,OUT,TX_DATA_DN[2],V2_DOCUMENT_CANDIDATE_REV3_MATCH_PENDING,33ohm documented,qualified 3.3V/Ioff buffering; no direct power,direction-qualified AXC candidate or central ADC
J11,6,EX_IO2_2P,F19,35,3.3V_DOCUMENTED_NOT_MEASURED,OUT,TX_DATA_DN[3],V2_DOCUMENT_CANDIDATE_REV3_MATCH_PENDING,33ohm documented,qualified 3.3V/Ioff buffering; no direct power,direction-qualified AXC candidate or central ADC
J11,7,EX_IO2_3N,G20,35,3.3V_DOCUMENTED_NOT_MEASURED,OUT,TX_DATA_DN[4],V2_DOCUMENT_CANDIDATE_REV3_MATCH_PENDING,33ohm documented,qualified 3.3V/Ioff buffering; no direct power,direction-qualified AXC candidate or central ADC
J11,8,EX_IO2_3P,G19,35,3.3V_DOCUMENTED_NOT_MEASURED,OUT,TX_DATA_DN[5],V2_DOCUMENT_CANDIDATE_REV3_MATCH_PENDING,33ohm documented,qualified 3.3V/Ioff buffering; no direct power,direction-qualified AXC candidate or central ADC
J11,9,EX_IO2_4N,H18,35,3.3V_DOCUMENTED_NOT_MEASURED,OUT,TX_DATA_DN[6],V2_DOCUMENT_CANDIDATE_REV3_MATCH_PENDING,33ohm documented,qualified 3.3V/Ioff buffering; no direct power,direction-qualified AXC candidate or central ADC
J11,10,EX_IO2_4P,J18,35,3.3V_DOCUMENTED_NOT_MEASURED,OUT,TX_DATA_DN[7],V2_DOCUMENT_CANDIDATE_REV3_MATCH_PENDING,33ohm documented,qualified 3.3V/Ioff buffering; no direct power,direction-qualified AXC candidate or central ADC
J11,11,EX_IO2_5N,L20,35,3.3V_DOCUMENTED_NOT_MEASURED,OUT,TX_DATA_DN[8],V2_DOCUMENT_CANDIDATE_REV3_MATCH_PENDING,33ohm documented,qualified 3.3V/Ioff buffering; no direct power,direction-qualified AXC candidate or central ADC
J11,12,EX_IO2_5P,L19,35,3.3V_DOCUMENTED_NOT_MEASURED,OUT,TX_DATA_DN[9],V2_DOCUMENT_CANDIDATE_REV3_MATCH_PENDING,33ohm documented,qualified 3.3V/Ioff buffering; no direct power,direction-qualified AXC candidate or central ADC
J11,13,EX_IO2_6N,M20,35,3.3V_DOCUMENTED_NOT_MEASURED,OUT,TX_DATA_DN[10],V2_DOCUMENT_CANDIDATE_REV3_MATCH_PENDING,33ohm documented,qualified 3.3V/Ioff buffering; no direct power,direction-qualified AXC candidate or central ADC
J11,14,EX_IO2_6P,M19,35,3.3V_DOCUMENTED_NOT_MEASURED,OUT,TX_DATA_DN[11],V2_DOCUMENT_CANDIDATE_REV3_MATCH_PENDING,33ohm documented,qualified 3.3V/Ioff buffering; no direct power,direction-qualified AXC candidate or central ADC
J11,15,EX_IO2_7N,K18,35,3.3V_DOCUMENTED_NOT_MEASURED,OUT,TX_DATA_DN[12],V2_DOCUMENT_CANDIDATE_REV3_MATCH_PENDING,33ohm documented,qualified 3.3V/Ioff buffering; no direct power,direction-qualified AXC candidate or central ADC
J11,16,EX_IO2_7P,K17,35,3.3V_DOCUMENTED_NOT_MEASURED,OUT,TX_DATA_DN[13],V2_DOCUMENT_CANDIDATE_REV3_MATCH_PENDING,33ohm documented,qualified 3.3V/Ioff buffering; no direct power,direction-qualified AXC candidate or central ADC
J11,17,EX_IO2_8N,J19,35,3.3V_DOCUMENTED_NOT_MEASURED,OUT,TX_DATA_DN[14],V2_DOCUMENT_CANDIDATE_REV3_MATCH_PENDING,33ohm documented,qualified 3.3V/Ioff buffering; no direct power,direction-qualified AXC candidate or central ADC
J11,18,EX_IO2_8P,K19,35,3.3V_DOCUMENTED_NOT_MEASURED,OUT,TX_DATA_DN[15],V2_DOCUMENT_CANDIDATE_REV3_MATCH_PENDING,33ohm documented,qualified 3.3V/Ioff buffering; no direct power,direction-qualified AXC candidate or central ADC
J11,19,EX_IO2_9N,H20,35,3.3V_DOCUMENTED_NOT_MEASURED,OUT,DN_SRCLK,V2_DOCUMENT_CANDIDATE_REV3_MATCH_PENDING,33ohm documented,qualified 3.3V/Ioff buffering; no direct power,local clock fanout
J11,20,EX_IO2_9P,J20,35,3.3V_DOCUMENTED_NOT_MEASURED,OUT,DN_RCLK,V2_DOCUMENT_CANDIDATE_REV3_MATCH_PENDING,33ohm documented,qualified 3.3V/Ioff buffering; no direct power,local clock fanout
J11,21,EX_IO2_10N,L17,35,3.3V_DOCUMENTED_NOT_MEASURED,OUT,DN_OE_N,V2_DOCUMENT_CANDIDATE_REV3_MATCH_PENDING,33ohm documented,qualified 3.3V/Ioff buffering; no direct power,direction-qualified AXC candidate or central ADC
J11,22,EX_IO2_10P,L16,35,3.3V_DOCUMENTED_NOT_MEASURED,OUT,DN_RESET_N,V2_DOCUMENT_CANDIDATE_REV3_MATCH_PENDING,33ohm documented,qualified 3.3V/Ioff buffering; no direct power,direction-qualified AXC candidate or central ADC
J11,23,EX_IO2_11N,M18,35,3.3V_DOCUMENTED_NOT_MEASURED,OUT,DN_RX_BLANK,V2_DOCUMENT_CANDIDATE_REV3_MATCH_PENDING,33ohm documented,qualified 3.3V/Ioff buffering; no direct power,direction-qualified AXC candidate or central ADC
J11,24,EX_IO2_11P,M17,35,3.3V_DOCUMENTED_NOT_MEASURED,OUT,DN_HEARTBEAT,V2_DOCUMENT_CANDIDATE_REV3_MATCH_PENDING,33ohm documented,qualified 3.3V/Ioff buffering; no direct power,direction-qualified AXC candidate or central ADC
J11,25,EX_IO2_12N,D20,35,3.3V_DOCUMENTED_NOT_MEASURED,OUT,DN_SYNC,V2_DOCUMENT_CANDIDATE_REV3_MATCH_PENDING,33ohm documented,qualified 3.3V/Ioff buffering; no direct power,direction-qualified AXC candidate or central ADC
J11,26,EX_IO2_12P,D19,35,3.3V_DOCUMENTED_NOT_MEASURED,IN,DN_PGOOD,V2_DOCUMENT_CANDIDATE_REV3_MATCH_PENDING,33ohm documented,qualified 3.3V/Ioff buffering; no direct power,direction-qualified AXC candidate or central ADC
J11,27,EX_IO2_13N,E19,35,3.3V_DOCUMENTED_NOT_MEASURED,IN,DN_FAULT_N,V2_DOCUMENT_CANDIDATE_REV3_MATCH_PENDING,33ohm documented,qualified 3.3V/Ioff buffering; no direct power,direction-qualified AXC candidate or central ADC
J11,28,EX_IO2_13P,E18,35,3.3V_DOCUMENTED_NOT_MEASURED,IN,ADC_DOUT[3],V2_DOCUMENT_CANDIDATE_REV3_MATCH_PENDING,33ohm documented,qualified 3.3V/Ioff buffering; no direct power,direction-qualified AXC candidate or central ADC
J11,29,EX_IO2_14N,G18,35,3.3V_DOCUMENTED_NOT_MEASURED,OPEN_DRAIN,MON_I2C_SCL,V2_DOCUMENT_CANDIDATE_REV3_MATCH_PENDING,33ohm documented,separate open-drain buffer,direction-qualified AXC candidate or central ADC
J11,30,EX_IO2_14P,G17,35,3.3V_DOCUMENTED_NOT_MEASURED,OPEN_DRAIN,MON_I2C_SDA,V2_DOCUMENT_CANDIDATE_REV3_MATCH_PENDING,33ohm documented,separate open-drain buffer,direction-qualified AXC candidate or central ADC
J11,31,EX_IO2_15N,H17,35,3.3V_DOCUMENTED_NOT_MEASURED,IN,ESTOP_OK,V2_DOCUMENT_CANDIDATE_REV3_MATCH_PENDING,33ohm documented,qualified 3.3V/Ioff buffering; no direct power,direction-qualified AXC candidate or central ADC
J11,32,EX_IO2_15P,H16,35,3.3V_DOCUMENTED_NOT_MEASURED,HIGH_Z,RESERVED,V2_DOCUMENT_CANDIDATE_REV3_MATCH_PENDING,33ohm documented,qualified 3.3V/Ioff buffering; no direct power,direction-qualified AXC candidate or central ADC
J11,33,EX_IO2_16N,G15,35,3.3V_DOCUMENTED_NOT_MEASURED,HIGH_Z,RESERVED,V2_DOCUMENT_CANDIDATE_REV3_MATCH_PENDING,33ohm documented,qualified 3.3V/Ioff buffering; no direct power,direction-qualified AXC candidate or central ADC
J11,34,EX_IO2_16P,H15,35,3.3V_DOCUMENTED_NOT_MEASURED,HIGH_Z,RESERVED,V2_DOCUMENT_CANDIDATE_REV3_MATCH_PENDING,33ohm documented,qualified 3.3V/Ioff buffering; no direct power,direction-qualified AXC candidate or central ADC
J11,35,EX_IO2_17N,J14,35,3.3V_DOCUMENTED_NOT_MEASURED,HIGH_Z,RESERVED,V2_DOCUMENT_CANDIDATE_REV3_MATCH_PENDING,33ohm documented,qualified 3.3V/Ioff buffering; no direct power,direction-qualified AXC candidate or central ADC
J11,36,EX_IO2_17P,K14,35,3.3V_DOCUMENTED_NOT_MEASURED,HIGH_Z,RESERVED,V2_DOCUMENT_CANDIDATE_REV3_MATCH_PENDING,33ohm documented,qualified 3.3V/Ioff buffering; no direct power,direction-qualified AXC candidate or central ADC
J11,37,GND,-,,,POWER_OR_GROUND,,V2_DOCUMENT_CANDIDATE_REV3_MATCH_PENDING,,GND reference only,
J11,38,GND,-,,,POWER_OR_GROUND,,V2_DOCUMENT_CANDIDATE_REV3_MATCH_PENDING,,GND reference only,
J11,39,+3.3V,-,,,POWER_OR_GROUND,,V2_DOCUMENT_CANDIDATE_REV3_MATCH_PENDING,,NO_CONNECT_NO_ARRAY_POWER,
J11,40,+3.3V,-,,,POWER_OR_GROUND,,V2_DOCUMENT_CANDIDATE_REV3_MATCH_PENDING,,NO_CONNECT_NO_ARRAY_POWER,
