source_row,item_id,description,working_mpn,bom_package,source_package,source,status,native_symbol_footprint_pin1_ep,release
5,B-001,40kHz 超声发射换能器,NU40C10T,THT TBD,UNKNOWN,UNKNOWN,TRANSDUCER_VENDOR_DRAWING_REQUIRED,NOT_VERIFIED,HOLD
6,B-002,40kHz 超声接收换能器,NU40C相配RX（精确料号TBD）,THT TBD,UNKNOWN,UNKNOWN,TRANSDUCER_VENDOR_DRAWING_REQUIRED,NOT_VERIFIED,HOLD
7,B-003,双通道功率驱动器,TC4427AEOA713,SOIC-8,UNKNOWN,UNKNOWN,EXACT_VENDOR_MPN_PACKAGE_REVIEW_REQUIRED,NOT_VERIFIED,HOLD
8,B-004,8位串入并出寄存器,SN74LVC595APWR,TSSOP-16,TSSOP-16 / PW,https://www.ti.com/lit/ds/symlink/sn74lvc595a.pdf,PACKAGE_TEXT_SOURCE_MATCH,NOT_VERIFIED,HOLD
9,B-005,8位双电源电平转换,SN74AXC8T245PWR,TSSOP-24,TSSOP-24 / PW,https://www.ti.com/lit/ds/symlink/sn74axc8t245.pdf,PACKAGE_TEXT_SOURCE_MATCH,NOT_VERIFIED,HOLD
10,B-006,8路时钟缓冲器,SN74LVC244APWR,TSSOP-20,UNKNOWN,UNKNOWN,EXACT_VENDOR_MPN_PACKAGE_REVIEW_REQUIRED,NOT_VERIFIED,HOLD
11,B-007,双输入OR联锁门,SN74LVC1G32DBVR,SOT-23-5,UNKNOWN,UNKNOWN,EXACT_VENDOR_MPN_PACKAGE_REVIEW_REQUIRED,NOT_VERIFIED,HOLD
12,B-008,独立上电复位/欠压检测,TLV803 / TPS3839 类（需定料）,SOT-23 TBD,UNKNOWN,UNKNOWN,EXACT_VENDOR_MPN_PACKAGE_REVIEW_REQUIRED,NOT_VERIFIED,HOLD
13,B-009,硬件失联看门狗,TPS3430 类（需定料）,TBD,UNKNOWN,UNKNOWN,EXACT_VENDOR_MPN_PACKAGE_REVIEW_REQUIRED,NOT_VERIFIED,HOLD
14,B-010,4通道SPDT切换开关,TMUX1574PWR,TSSOP-16,TSSOP-16 / PW,https://www.ti.com/lit/ds/symlink/tmux1574.pdf,PACKAGE_TEXT_SOURCE_MATCH,NOT_VERIFIED,HOLD
15,B-011,四路精密运放,OPA4192IPWR,TSSOP-14,TSSOP-14 / PW,https://www.ti.com/product/OPA4192/part-details/OPA4192IPWR,PACKAGE_TEXT_SOURCE_MATCH,NOT_VERIFIED,HOLD
16,B-012,2.5V 精密偏置基准,REF5025AIDR,SOIC-8,UNKNOWN,UNKNOWN,EXACT_VENDOR_MPN_PACKAGE_REVIEW_REQUIRED,NOT_VERIFIED,HOLD
17,B-013,双肖特基输入保护,BAT54S,SOT-23,UNKNOWN,UNKNOWN,EXACT_VENDOR_MPN_PACKAGE_REVIEW_REQUIRED,NOT_VERIFIED,HOLD
18,B-014,8通道同步16bit ADC,AD7606C-16BSTZ-RL (推荐候选),LQFP-64,LQFP-64 / ST-64,https://www.analog.com/media/en/technical-documentation/data-sheets/ad7606c-16.pdf,PACKAGE_TEXT_SOURCE_MATCH,NOT_VERIFIED,HOLD
19,B-015,ADC RC输入限流/缓冲网络,47Ω+1nF C0G 组合,离散,UNKNOWN,UNKNOWN,COMPOSITE_NON_PROCUREMENT,NOT_VERIFIED,HOLD
20,B-016,ADC基准去耦/配置网络,AD7606B专用无源网络TBD,离散套件,UNKNOWN,UNKNOWN,COMPOSITE_NON_PROCUREMENT,NOT_VERIFIED,HOLD
21,B-017,温湿度传感器,SHT45-AD1B-R2,DFN-4,UNKNOWN,UNKNOWN,EXACT_VENDOR_MPN_PACKAGE_REVIEW_REQUIRED,NOT_VERIFIED,HOLD
22,B-018,独立12V电源输入座,XT30PW-M30.G.Y,THT,UNKNOWN,UNKNOWN,CONNECTOR_EQUIPMENT_MECHANICAL_SELECTION_REQUIRED,NOT_VERIFIED,HOLD
23,B-019,中央辅助电源接口,XT30PW-M30.G.Y,THT,UNKNOWN,UNKNOWN,CONNECTOR_EQUIPMENT_MECHANICAL_SELECTION_REQUIRED,NOT_VERIFIED,HOLD
24,B-020,正向/反向/过流eFuse,TPS259470LRPWR,VQFN-10,VQFN-10 / RPW,https://www.ti.com/lit/ds/symlink/tps25947.pdf,PACKAGE_TEXT_SOURCE_MATCH,NOT_VERIFIED,HOLD
25,B-021,电源监控IC,INA226AIDGSR,VSSOP-10,VSSOP-10 / DGS,https://www.ti.com/lit/ds/symlink/ina226.pdf,PACKAGE_TEXT_SOURCE_MATCH,NOT_VERIFIED,HOLD
26,B-022,低值分流电阻,20mΩ 2512 1% 2W,2512,UNKNOWN,UNKNOWN,PASSIVE_GENERIC_MPN_RATING_TOLERANCE_REQUIRED,NOT_VERIFIED,HOLD
27,B-023,输入TVS,SMBJ20A 类,SMB,UNKNOWN,UNKNOWN,EXACT_VENDOR_MPN_PACKAGE_REVIEW_REQUIRED,NOT_VERIFIED,HOLD
28,B-024,独立熔断器及座,2A 慢断候选，具体值TBD,TBD,UNKNOWN,UNKNOWN,EXACT_VENDOR_MPN_PACKAGE_REVIEW_REQUIRED,NOT_VERIFIED,HOLD
29,B-025,板级电源总开关/硬件急停输入,E-STOP接口 + NC触点/继电开关待定,TBD,UNKNOWN,UNKNOWN,EXACT_VENDOR_MPN_PACKAGE_REVIEW_REQUIRED,NOT_VERIFIED,HOLD
30,B-026,本地PGOOD与FAULT反馈电路,开漏/拉升/隔离网络 TBD,离散,UNKNOWN,UNKNOWN,EXACT_VENDOR_MPN_PACKAGE_REVIEW_REQUIRED,NOT_VERIFIED,HOLD
31,B-027,3.3V数字电源DC/DC,AP63203WU-7,TSOT-26,UNKNOWN,UNKNOWN,EXACT_VENDOR_MPN_PACKAGE_REVIEW_REQUIRED,NOT_VERIFIED,HOLD
32,B-028,5.5V可调DC/DC,AP63200WU-7,TSOT-26,UNKNOWN,UNKNOWN,EXACT_VENDOR_MPN_PACKAGE_REVIEW_REQUIRED,NOT_VERIFIED,HOLD
33,B-029,5V低噪声LDO,ADP7118ACPZN5.0-R7,LFCSP-6 / CP-6-3 (EP=GND),LFCSP-6 / CP-6-3,https://www.analog.com/media/en/technical-documentation/data-sheets/ADP7118.pdf,PACKAGE_TEXT_SOURCE_MATCH,NOT_VERIFIED,HOLD
34,B-030,DC/DC功率电感,6.8µH ≥5A 候选,SMD,UNKNOWN,UNKNOWN,EXACT_VENDOR_MPN_PACKAGE_REVIEW_REQUIRED,NOT_VERIFIED,HOLD
35,B-031,模拟电源磁珠,BLM21PG221SN1D,0805,UNKNOWN,UNKNOWN,EXACT_VENDOR_MPN_PACKAGE_REVIEW_REQUIRED,NOT_VERIFIED,HOLD
36,B-032,PCB板温监测,TMP117MAIDRVR,WSON-6,WSON-6 / DRV,https://www.ti.com/lit/gpn/TMP117,PACKAGE_TEXT_SOURCE_MATCH,NOT_VERIFIED,HOLD
37,B-033,AX7020 J10/J11对接端子,2×20 2.54mm 对应插座/转接线（按实板决定）,THT/线束TBD,UNKNOWN,UNKNOWN,CONNECTOR_EQUIPMENT_MECHANICAL_SELECTION_REQUIRED,NOT_VERIFIED,HOLD
38,B-034,50芯独立数据接头,2×25 IDC防呆（候选）,THT,UNKNOWN,UNKNOWN,CONNECTOR_EQUIPMENT_MECHANICAL_SELECTION_REQUIRED,NOT_VERIFIED,HOLD
39,B-035,数字数据扇出接口,2×25 IDC防呆（候选）,THT,UNKNOWN,UNKNOWN,CONNECTOR_EQUIPMENT_MECHANICAL_SELECTION_REQUIRED,NOT_VERIFIED,HOLD
40,B-036,8芯4对模拟RX接口,不带变压器的被动8P8C/屏蔽连接器,THT,UNKNOWN,UNKNOWN,CONNECTOR_EQUIPMENT_MECHANICAL_SELECTION_REQUIRED,NOT_VERIFIED,HOLD
41,B-037,远端I2C环境传感器插座,JST XH 4P,THT,UNKNOWN,UNKNOWN,CONNECTOR_EQUIPMENT_MECHANICAL_SELECTION_REQUIRED,NOT_VERIFIED,HOLD
42,B-038,远端I2C接口,JST XH 4P,THT,UNKNOWN,UNKNOWN,CONNECTOR_EQUIPMENT_MECHANICAL_SELECTION_REQUIRED,NOT_VERIFIED,HOLD
43,B-039,上下独立电源线束,XT30 2P线束 18AWG（线径TBD）,外置,UNKNOWN,UNKNOWN,CONNECTOR_EQUIPMENT_MECHANICAL_SELECTION_REQUIRED,NOT_VERIFIED,HOLD
44,B-040,中央辅助电源线束,XT30 2P线束,外置,UNKNOWN,UNKNOWN,CONNECTOR_EQUIPMENT_MECHANICAL_SELECTION_REQUIRED,NOT_VERIFIED,HOLD
45,B-041,上/下数字线束,50芯IDC定长≤20cm仅初选,线束,UNKNOWN,UNKNOWN,CONNECTOR_EQUIPMENT_MECHANICAL_SELECTION_REQUIRED,NOT_VERIFIED,HOLD
46,B-042,上/下RX信号线束,屏蔽4对模拟线（独立专用）,线束,UNKNOWN,UNKNOWN,CONNECTOR_EQUIPMENT_MECHANICAL_SELECTION_REQUIRED,NOT_VERIFIED,HOLD
47,B-043,AX7020到中央适配线束,J10/J11对应双40针连接（实板决定）,线束,UNKNOWN,UNKNOWN,CONNECTOR_EQUIPMENT_MECHANICAL_SELECTION_REQUIRED,NOT_VERIFIED,HOLD
48,B-044,双路限流可调直流电源,实验室双输出 / 两个隔离电源 12V,设备,UNKNOWN,UNKNOWN,CONNECTOR_EQUIPMENT_MECHANICAL_SELECTION_REQUIRED,NOT_VERIFIED,HOLD
49,B-045,AX7020官方匹配电源适配器,ALINX规定DC 5V配件,设备,UNKNOWN,UNKNOWN,CONNECTOR_EQUIPMENT_MECHANICAL_SELECTION_REQUIRED,NOT_VERIFIED,HOLD
50,B-046,100nF去耦电容,100nF 50V X7R,0603,UNKNOWN,UNKNOWN,PASSIVE_GENERIC_MPN_RATING_TOLERANCE_REQUIRED,NOT_VERIFIED,HOLD
51,B-047,1µF驱动储能,1µF 25V X7R,0805,UNKNOWN,UNKNOWN,PASSIVE_GENERIC_MPN_RATING_TOLERANCE_REQUIRED,NOT_VERIFIED,HOLD
52,B-048,22µF局部储能,22µF 25V X7R,1210,UNKNOWN,UNKNOWN,PASSIVE_GENERIC_MPN_RATING_TOLERANCE_REQUIRED,NOT_VERIFIED,HOLD
53,B-049,10µF输入去耦,10µF 25V X7R,1206,UNKNOWN,UNKNOWN,PASSIVE_GENERIC_MPN_RATING_TOLERANCE_REQUIRED,NOT_VERIFIED,HOLD
54,B-050,2.2µF LDO稳定电容,2.2µF 25V X7R,0805,UNKNOWN,UNKNOWN,PASSIVE_GENERIC_MPN_RATING_TOLERANCE_REQUIRED,NOT_VERIFIED,HOLD
55,B-051,470µF低ESR主储能,470µF 35V,THT,UNKNOWN,UNKNOWN,PASSIVE_GENERIC_MPN_RATING_TOLERANCE_REQUIRED,NOT_VERIFIED,HOLD
56,B-052,10nF RX耦合,10nF 50V C0G,0603,UNKNOWN,UNKNOWN,PASSIVE_GENERIC_MPN_RATING_TOLERANCE_REQUIRED,NOT_VERIFIED,HOLD
57,B-053,1nF RX噪声过滤,1nF 50V C0G,0603,UNKNOWN,UNKNOWN,PASSIVE_GENERIC_MPN_RATING_TOLERANCE_REQUIRED,NOT_VERIFIED,HOLD
58,B-054,100kΩ上拉/下拉,100kΩ 1%,0603,UNKNOWN,UNKNOWN,PASSIVE_GENERIC_MPN_RATING_TOLERANCE_REQUIRED,NOT_VERIFIED,HOLD
59,B-055,10kΩ上拉/下拉,10kΩ 1%,0603,UNKNOWN,UNKNOWN,PASSIVE_GENERIC_MPN_RATING_TOLERANCE_REQUIRED,NOT_VERIFIED,HOLD
60,B-056,4.7kΩ I²C上拉,4.7kΩ 1%,0603,UNKNOWN,UNKNOWN,PASSIVE_GENERIC_MPN_RATING_TOLERANCE_REQUIRED,NOT_VERIFIED,HOLD
61,B-057,1kΩ RX串联,1kΩ 1%,0603,UNKNOWN,UNKNOWN,PASSIVE_GENERIC_MPN_RATING_TOLERANCE_REQUIRED,NOT_VERIFIED,HOLD
62,B-058,47Ω模拟阻尼,47Ω 1%,0603,UNKNOWN,UNKNOWN,PASSIVE_GENERIC_MPN_RATING_TOLERANCE_REQUIRED,NOT_VERIFIED,HOLD
63,B-059,33Ω高速阻尼,33Ω 1%,0603,UNKNOWN,UNKNOWN,PASSIVE_GENERIC_MPN_RATING_TOLERANCE_REQUIRED,NOT_VERIFIED,HOLD
64,B-060,10Ω监测滤波,10Ω 1%,0603,UNKNOWN,UNKNOWN,PASSIVE_GENERIC_MPN_RATING_TOLERANCE_REQUIRED,NOT_VERIFIED,HOLD
65,B-061,0Ω通道选择跳线,0Ω 0603,0603,UNKNOWN,UNKNOWN,PASSIVE_GENERIC_MPN_RATING_TOLERANCE_REQUIRED,NOT_VERIFIED,HOLD
66,B-062,1.65kΩ限流编程,1.65kΩ 1%,0603,UNKNOWN,UNKNOWN,PASSIVE_GENERIC_MPN_RATING_TOLERANCE_REQUIRED,NOT_VERIFIED,HOLD
67,B-063,1.37MΩ过压编程,1.37MΩ 1%,0603,UNKNOWN,UNKNOWN,PASSIVE_GENERIC_MPN_RATING_TOLERANCE_REQUIRED,NOT_VERIFIED,HOLD
68,B-064,590kΩ反馈,590kΩ 1%,0603,UNKNOWN,UNKNOWN,PASSIVE_GENERIC_MPN_RATING_TOLERANCE_REQUIRED,NOT_VERIFIED,HOLD
69,B-065,100kΩ高精度反馈,100kΩ 0.1%,0603,UNKNOWN,UNKNOWN,PASSIVE_GENERIC_MPN_RATING_TOLERANCE_REQUIRED,NOT_VERIFIED,HOLD
70,B-066,10kΩ高精度反馈,10kΩ 0.1%,0603,UNKNOWN,UNKNOWN,PASSIVE_GENERIC_MPN_RATING_TOLERANCE_REQUIRED,NOT_VERIFIED,HOLD
71,B-067,TX电阻调谐预留,1.2kΩ 0603 DNP,0603,UNKNOWN,UNKNOWN,PASSIVE_GENERIC_MPN_RATING_TOLERANCE_REQUIRED,NOT_VERIFIED,HOLD
72,B-068,AFE增益调整预留,39kΩ 0.1% DNP,0603,UNKNOWN,UNKNOWN,PASSIVE_GENERIC_MPN_RATING_TOLERANCE_REQUIRED,NOT_VERIFIED,HOLD
73,B-069,4层阵列PCB,130×130mm 4L 1.6mm FR4候选,PCB,UNKNOWN,UNKNOWN,CONNECTOR_EQUIPMENT_MECHANICAL_SELECTION_REQUIRED,NOT_VERIFIED,HOLD
74,B-070,4层AX7020适配/ADC PCB,100×80mm 4L候选,PCB,UNKNOWN,UNKNOWN,CONNECTOR_EQUIPMENT_MECHANICAL_SELECTION_REQUIRED,NOT_VERIFIED,HOLD
75,B-071,2层SHT45小板,20×20mm 2L候选,PCB,UNKNOWN,UNKNOWN,CONNECTOR_EQUIPMENT_MECHANICAL_SELECTION_REQUIRED,NOT_VERIFIED,HOLD
76,B-072,对置阵列固定件,M3非磁性螺钉/尼龙柱/滑轨,机械,UNKNOWN,UNKNOWN,CONNECTOR_EQUIPMENT_MECHANICAL_SELECTION_REQUIRED,NOT_VERIFIED,HOLD
