CHANNEL_ID,rtl_channel,x_mm,y_mm,z_mm,normal_x,normal_y,normal_z,coordinate_reference
UPPER_TX_00,0,-42.0,-42.0,47.5,0.0,0.0,-1.0,RADIATING_SURFACE_CENTER
UPPER_TX_01,1,-30.0,-42.0,47.5,0.0,0.0,-1.0,RADIATING_SURFACE_CENTER
UPPER_TX_02,2,-18.0,-42.0,47.5,0.0,0.0,-1.0,RADIATING_SURFACE_CENTER
UPPER_TX_03,3,-6.0,-42.0,47.5,0.0,0.0,-1.0,RADIATING_SURFACE_CENTER
UPPER_TX_04,4,6.0,-42.0,47.5,0.0,0.0,-1.0,RADIATING_SURFACE_CENTER
UPPER_TX_05,5,18.0,-42.0,47.5,0.0,0.0,-1.0,RADIATING_SURFACE_CENTER
UPPER_TX_06,6,30.0,-42.0,47.5,0.0,0.0,-1.0,RADIATING_SURFACE_CENTER
UPPER_TX_07,7,42.0,-42.0,47.5,0.0,0.0,-1.0,RADIATING_SURFACE_CENTER
UPPER_TX_08,8,-42.0,-30.0,47.5,0.0,0.0,-1.0,RADIATING_SURFACE_CENTER
UPPER_TX_09,9,-30.0,-30.0,47.5,0.0,0.0,-1.0,RADIATING_SURFACE_CENTER
UPPER_TX_10,10,-18.0,-30.0,47.5,0.0,0.0,-1.0,RADIATING_SURFACE_CENTER
UPPER_TX_11,11,-6.0,-30.0,47.5,0.0,0.0,-1.0,RADIATING_SURFACE_CENTER
UPPER_TX_12,12,6.0,-30.0,47.5,0.0,0.0,-1.0,RADIATING_SURFACE_CENTER
UPPER_TX_13,13,18.0,-30.0,47.5,0.0,0.0,-1.0,RADIATING_SURFACE_CENTER
UPPER_TX_14,14,30.0,-30.0,47.5,0.0,0.0,-1.0,RADIATING_SURFACE_CENTER
UPPER_TX_15,15,42.0,-30.0,47.5,0.0,0.0,-1.0,RADIATING_SURFACE_CENTER
UPPER_TX_16,16,-42.0,-18.0,47.5,0.0,0.0,-1.0,RADIATING_SURFACE_CENTER
UPPER_TX_17,17,-30.0,-18.0,47.5,0.0,0.0,-1.0,RADIATING_SURFACE_CENTER
UPPER_TX_18,18,-18.0,-18.0,47.5,0.0,0.0,-1.0,RADIATING_SURFACE_CENTER
UPPER_TX_19,19,-6.0,-18.0,47.5,0.0,0.0,-1.0,RADIATING_SURFACE_CENTER
UPPER_TX_20,20,6.0,-18.0,47.5,0.0,0.0,-1.0,RADIATING_SURFACE_CENTER
UPPER_TX_21,21,18.0,-18.0,47.5,0.0,0.0,-1.0,RADIATING_SURFACE_CENTER
UPPER_TX_22,22,30.0,-18.0,47.5,0.0,0.0,-1.0,RADIATING_SURFACE_CENTER
UPPER_TX_23,23,42.0,-18.0,47.5,0.0,0.0,-1.0,RADIATING_SURFACE_CENTER
UPPER_TX_24,24,-42.0,-6.0,47.5,0.0,0.0,-1.0,RADIATING_SURFACE_CENTER
UPPER_TX_25,25,-30.0,-6.0,47.5,0.0,0.0,-1.0,RADIATING_SURFACE_CENTER
UPPER_TX_26,26,-18.0,-6.0,47.5,0.0,0.0,-1.0,RADIATING_SURFACE_CENTER
UPPER_TX_27,27,-6.0,-6.0,47.5,0.0,0.0,-1.0,RADIATING_SURFACE_CENTER
UPPER_TX_28,28,6.0,-6.0,47.5,0.0,0.0,-1.0,RADIATING_SURFACE_CENTER
UPPER_TX_29,29,18.0,-6.0,47.5,0.0,0.0,-1.0,RADIATING_SURFACE_CENTER
UPPER_TX_30,30,30.0,-6.0,47.5,0.0,0.0,-1.0,RADIATING_SURFACE_CENTER
UPPER_TX_31,31,42.0,-6.0,47.5,0.0,0.0,-1.0,RADIATING_SURFACE_CENTER
UPPER_TX_32,32,-42.0,6.0,47.5,0.0,0.0,-1.0,RADIATING_SURFACE_CENTER
UPPER_TX_33,33,-30.0,6.0,47.5,0.0,0.0,-1.0,RADIATING_SURFACE_CENTER
UPPER_TX_34,34,-18.0,6.0,47.5,0.0,0.0,-1.0,RADIATING_SURFACE_CENTER
UPPER_TX_35,35,-6.0,6.0,47.5,0.0,0.0,-1.0,RADIATING_SURFACE_CENTER
UPPER_TX_36,36,6.0,6.0,47.5,0.0,0.0,-1.0,RADIATING_SURFACE_CENTER
UPPER_TX_37,37,18.0,6.0,47.5,0.0,0.0,-1.0,RADIATING_SURFACE_CENTER
UPPER_TX_38,38,30.0,6.0,47.5,0.0,0.0,-1.0,RADIATING_SURFACE_CENTER
UPPER_TX_39,39,42.0,6.0,47.5,0.0,0.0,-1.0,RADIATING_SURFACE_CENTER
UPPER_TX_40,40,-42.0,18.0,47.5,0.0,0.0,-1.0,RADIATING_SURFACE_CENTER
UPPER_TX_41,41,-30.0,18.0,47.5,0.0,0.0,-1.0,RADIATING_SURFACE_CENTER
UPPER_TX_42,42,-18.0,18.0,47.5,0.0,0.0,-1.0,RADIATING_SURFACE_CENTER
UPPER_TX_43,43,-6.0,18.0,47.5,0.0,0.0,-1.0,RADIATING_SURFACE_CENTER
UPPER_TX_44,44,6.0,18.0,47.5,0.0,0.0,-1.0,RADIATING_SURFACE_CENTER
UPPER_TX_45,45,18.0,18.0,47.5,0.0,0.0,-1.0,RADIATING_SURFACE_CENTER
UPPER_TX_46,46,30.0,18.0,47.5,0.0,0.0,-1.0,RADIATING_SURFACE_CENTER
UPPER_TX_47,47,42.0,18.0,47.5,0.0,0.0,-1.0,RADIATING_SURFACE_CENTER
UPPER_TX_48,48,-42.0,30.0,47.5,0.0,0.0,-1.0,RADIATING_SURFACE_CENTER
UPPER_TX_49,49,-30.0,30.0,47.5,0.0,0.0,-1.0,RADIATING_SURFACE_CENTER
UPPER_TX_50,50,-18.0,30.0,47.5,0.0,0.0,-1.0,RADIATING_SURFACE_CENTER
UPPER_TX_51,51,-6.0,30.0,47.5,0.0,0.0,-1.0,RADIATING_SURFACE_CENTER
UPPER_TX_52,52,6.0,30.0,47.5,0.0,0.0,-1.0,RADIATING_SURFACE_CENTER
UPPER_TX_53,53,18.0,30.0,47.5,0.0,0.0,-1.0,RADIATING_SURFACE_CENTER
UPPER_TX_54,54,30.0,30.0,47.5,0.0,0.0,-1.0,RADIATING_SURFACE_CENTER
UPPER_TX_55,55,42.0,30.0,47.5,0.0,0.0,-1.0,RADIATING_SURFACE_CENTER
UPPER_TX_56,56,-42.0,42.0,47.5,0.0,0.0,-1.0,RADIATING_SURFACE_CENTER
UPPER_TX_57,57,-30.0,42.0,47.5,0.0,0.0,-1.0,RADIATING_SURFACE_CENTER
UPPER_TX_58,58,-18.0,42.0,47.5,0.0,0.0,-1.0,RADIATING_SURFACE_CENTER
UPPER_TX_59,59,-6.0,42.0,47.5,0.0,0.0,-1.0,RADIATING_SURFACE_CENTER
UPPER_TX_60,60,6.0,42.0,47.5,0.0,0.0,-1.0,RADIATING_SURFACE_CENTER
UPPER_TX_61,61,18.0,42.0,47.5,0.0,0.0,-1.0,RADIATING_SURFACE_CENTER
UPPER_TX_62,62,30.0,42.0,47.5,0.0,0.0,-1.0,RADIATING_SURFACE_CENTER
UPPER_TX_63,63,42.0,42.0,47.5,0.0,0.0,-1.0,RADIATING_SURFACE_CENTER
LOWER_TX_00,64,-42.0,-42.0,-47.5,0.0,0.0,1.0,RADIATING_SURFACE_CENTER
LOWER_TX_01,65,-30.0,-42.0,-47.5,0.0,0.0,1.0,RADIATING_SURFACE_CENTER
LOWER_TX_02,66,-18.0,-42.0,-47.5,0.0,0.0,1.0,RADIATING_SURFACE_CENTER
LOWER_TX_03,67,-6.0,-42.0,-47.5,0.0,0.0,1.0,RADIATING_SURFACE_CENTER
LOWER_TX_04,68,6.0,-42.0,-47.5,0.0,0.0,1.0,RADIATING_SURFACE_CENTER
LOWER_TX_05,69,18.0,-42.0,-47.5,0.0,0.0,1.0,RADIATING_SURFACE_CENTER
LOWER_TX_06,70,30.0,-42.0,-47.5,0.0,0.0,1.0,RADIATING_SURFACE_CENTER
LOWER_TX_07,71,42.0,-42.0,-47.5,0.0,0.0,1.0,RADIATING_SURFACE_CENTER
LOWER_TX_08,72,-42.0,-30.0,-47.5,0.0,0.0,1.0,RADIATING_SURFACE_CENTER
LOWER_TX_09,73,-30.0,-30.0,-47.5,0.0,0.0,1.0,RADIATING_SURFACE_CENTER
LOWER_TX_10,74,-18.0,-30.0,-47.5,0.0,0.0,1.0,RADIATING_SURFACE_CENTER
LOWER_TX_11,75,-6.0,-30.0,-47.5,0.0,0.0,1.0,RADIATING_SURFACE_CENTER
LOWER_TX_12,76,6.0,-30.0,-47.5,0.0,0.0,1.0,RADIATING_SURFACE_CENTER
LOWER_TX_13,77,18.0,-30.0,-47.5,0.0,0.0,1.0,RADIATING_SURFACE_CENTER
LOWER_TX_14,78,30.0,-30.0,-47.5,0.0,0.0,1.0,RADIATING_SURFACE_CENTER
LOWER_TX_15,79,42.0,-30.0,-47.5,0.0,0.0,1.0,RADIATING_SURFACE_CENTER
LOWER_TX_16,80,-42.0,-18.0,-47.5,0.0,0.0,1.0,RADIATING_SURFACE_CENTER
LOWER_TX_17,81,-30.0,-18.0,-47.5,0.0,0.0,1.0,RADIATING_SURFACE_CENTER
LOWER_TX_18,82,-18.0,-18.0,-47.5,0.0,0.0,1.0,RADIATING_SURFACE_CENTER
LOWER_TX_19,83,-6.0,-18.0,-47.5,0.0,0.0,1.0,RADIATING_SURFACE_CENTER
LOWER_TX_20,84,6.0,-18.0,-47.5,0.0,0.0,1.0,RADIATING_SURFACE_CENTER
LOWER_TX_21,85,18.0,-18.0,-47.5,0.0,0.0,1.0,RADIATING_SURFACE_CENTER
LOWER_TX_22,86,30.0,-18.0,-47.5,0.0,0.0,1.0,RADIATING_SURFACE_CENTER
LOWER_TX_23,87,42.0,-18.0,-47.5,0.0,0.0,1.0,RADIATING_SURFACE_CENTER
LOWER_TX_24,88,-42.0,-6.0,-47.5,0.0,0.0,1.0,RADIATING_SURFACE_CENTER
LOWER_TX_25,89,-30.0,-6.0,-47.5,0.0,0.0,1.0,RADIATING_SURFACE_CENTER
LOWER_TX_26,90,-18.0,-6.0,-47.5,0.0,0.0,1.0,RADIATING_SURFACE_CENTER
LOWER_TX_27,91,-6.0,-6.0,-47.5,0.0,0.0,1.0,RADIATING_SURFACE_CENTER
LOWER_TX_28,92,6.0,-6.0,-47.5,0.0,0.0,1.0,RADIATING_SURFACE_CENTER
LOWER_TX_29,93,18.0,-6.0,-47.5,0.0,0.0,1.0,RADIATING_SURFACE_CENTER
LOWER_TX_30,94,30.0,-6.0,-47.5,0.0,0.0,1.0,RADIATING_SURFACE_CENTER
LOWER_TX_31,95,42.0,-6.0,-47.5,0.0,0.0,1.0,RADIATING_SURFACE_CENTER
LOWER_TX_32,96,-42.0,6.0,-47.5,0.0,0.0,1.0,RADIATING_SURFACE_CENTER
LOWER_TX_33,97,-30.0,6.0,-47.5,0.0,0.0,1.0,RADIATING_SURFACE_CENTER
LOWER_TX_34,98,-18.0,6.0,-47.5,0.0,0.0,1.0,RADIATING_SURFACE_CENTER
LOWER_TX_35,99,-6.0,6.0,-47.5,0.0,0.0,1.0,RADIATING_SURFACE_CENTER
LOWER_TX_36,100,6.0,6.0,-47.5,0.0,0.0,1.0,RADIATING_SURFACE_CENTER
LOWER_TX_37,101,18.0,6.0,-47.5,0.0,0.0,1.0,RADIATING_SURFACE_CENTER
LOWER_TX_38,102,30.0,6.0,-47.5,0.0,0.0,1.0,RADIATING_SURFACE_CENTER
LOWER_TX_39,103,42.0,6.0,-47.5,0.0,0.0,1.0,RADIATING_SURFACE_CENTER
LOWER_TX_40,104,-42.0,18.0,-47.5,0.0,0.0,1.0,RADIATING_SURFACE_CENTER
LOWER_TX_41,105,-30.0,18.0,-47.5,0.0,0.0,1.0,RADIATING_SURFACE_CENTER
LOWER_TX_42,106,-18.0,18.0,-47.5,0.0,0.0,1.0,RADIATING_SURFACE_CENTER
LOWER_TX_43,107,-6.0,18.0,-47.5,0.0,0.0,1.0,RADIATING_SURFACE_CENTER
LOWER_TX_44,108,6.0,18.0,-47.5,0.0,0.0,1.0,RADIATING_SURFACE_CENTER
LOWER_TX_45,109,18.0,18.0,-47.5,0.0,0.0,1.0,RADIATING_SURFACE_CENTER
LOWER_TX_46,110,30.0,18.0,-47.5,0.0,0.0,1.0,RADIATING_SURFACE_CENTER
LOWER_TX_47,111,42.0,18.0,-47.5,0.0,0.0,1.0,RADIATING_SURFACE_CENTER
LOWER_TX_48,112,-42.0,30.0,-47.5,0.0,0.0,1.0,RADIATING_SURFACE_CENTER
LOWER_TX_49,113,-30.0,30.0,-47.5,0.0,0.0,1.0,RADIATING_SURFACE_CENTER
LOWER_TX_50,114,-18.0,30.0,-47.5,0.0,0.0,1.0,RADIATING_SURFACE_CENTER
LOWER_TX_51,115,-6.0,30.0,-47.5,0.0,0.0,1.0,RADIATING_SURFACE_CENTER
LOWER_TX_52,116,6.0,30.0,-47.5,0.0,0.0,1.0,RADIATING_SURFACE_CENTER
LOWER_TX_53,117,18.0,30.0,-47.5,0.0,0.0,1.0,RADIATING_SURFACE_CENTER
LOWER_TX_54,118,30.0,30.0,-47.5,0.0,0.0,1.0,RADIATING_SURFACE_CENTER
LOWER_TX_55,119,42.0,30.0,-47.5,0.0,0.0,1.0,RADIATING_SURFACE_CENTER
LOWER_TX_56,120,-42.0,42.0,-47.5,0.0,0.0,1.0,RADIATING_SURFACE_CENTER
LOWER_TX_57,121,-30.0,42.0,-47.5,0.0,0.0,1.0,RADIATING_SURFACE_CENTER
LOWER_TX_58,122,-18.0,42.0,-47.5,0.0,0.0,1.0,RADIATING_SURFACE_CENTER
LOWER_TX_59,123,-6.0,42.0,-47.5,0.0,0.0,1.0,RADIATING_SURFACE_CENTER
LOWER_TX_60,124,6.0,42.0,-47.5,0.0,0.0,1.0,RADIATING_SURFACE_CENTER
LOWER_TX_61,125,18.0,42.0,-47.5,0.0,0.0,1.0,RADIATING_SURFACE_CENTER
LOWER_TX_62,126,30.0,42.0,-47.5,0.0,0.0,1.0,RADIATING_SURFACE_CENTER
LOWER_TX_63,127,42.0,42.0,-47.5,0.0,0.0,1.0,RADIATING_SURFACE_CENTER
