pin,bank,pin_func
W19,34,IO_L22N_T3_34
W18,34,IO_L22P_T3_34
R14,34,IO_L6N_T0_VREF_34
P14,34,IO_L6P_T0_34
Y17,34,IO_L7N_T1_34
Y16,34,IO_L7P_T1_34
W15,34,IO_L10N_T1_34
V15,34,IO_L10P_T1_34
Y14,34,IO_L8N_T1_34
W14,34,IO_L8P_T1_34
P18,34,IO_L23N_T3_34
N17,34,IO_L23P_T3_34
U15,34,IO_L11N_T1_SRCC_34
U14,34,IO_L11P_T1_SRCC_34
P16,34,IO_L24N_T3_34
P15,34,IO_L24P_T3_34
U17,34,IO_L9N_T1_DQS_34
T16,34,IO_L9P_T1_DQS_34
V18,34,IO_L21N_T3_DQS_34
V17,34,IO_L21P_T3_DQS_34
T15,34,IO_L5N_T0_34
T14,34,IO_L5P_T0_34
V13,34,IO_L3N_T0_DQS_34
U13,34,IO_L3P_T0_DQS_PUDC_B_34
W13,34,IO_L4N_T0_34
V12,34,IO_L4P_T0_34
U12,34,IO_L2N_T0_34
T12,34,IO_L2P_T0_34
T10,34,IO_L1N_T0_34
T11,34,IO_L1P_T0_34
A20,35,IO_L2N_T0_AD8N_35
B19,35,IO_L2P_T0_AD8P_35
B20,35,IO_L1N_T0_AD0N_35
C20,35,IO_L1P_T0_AD0P_35
F17,35,IO_L6N_T0_VREF_35
F16,35,IO_L6P_T0_35
F20,35,IO_L15N_T2_DQS_AD12N_35
F19,35,IO_L15P_T2_DQS_AD12P_35
G20,35,IO_L18N_T2_AD13N_35
G19,35,IO_L18P_T2_AD13P_35
H18,35,IO_L14N_T2_AD4N_SRCC_35
J18,35,IO_L14P_T2_AD4P_SRCC_35
L20,35,IO_L9N_T1_DQS_AD3N_35
L19,35,IO_L9P_T1_DQS_AD3P_35
M20,35,IO_L7N_T1_AD2N_35
M19,35,IO_L7P_T1_AD2P_35
K18,35,IO_L12N_T1_MRCC_35
K17,35,IO_L12P_T1_MRCC_35
J19,35,IO_L10N_T1_AD11N_35
K19,35,IO_L10P_T1_AD11P_35
H20,35,IO_L17N_T2_AD5N_35
J20,35,IO_L17P_T2_AD5P_35
L17,35,IO_L11N_T1_SRCC_35
L16,35,IO_L11P_T1_SRCC_35
M18,35,IO_L8N_T1_AD10N_35
M17,35,IO_L8P_T1_AD10P_35
D20,35,IO_L4N_T0_35
D19,35,IO_L4P_T0_35
E19,35,IO_L5N_T0_AD9N_35
E18,35,IO_L5P_T0_AD9P_35
G18,35,IO_L16N_T2_35
G17,35,IO_L16P_T2_35
H17,35,IO_L13N_T2_MRCC_35
H16,35,IO_L13P_T2_MRCC_35
G15,35,IO_L19N_T3_VREF_35
H15,35,IO_L19P_T3_35
J14,35,IO_L20N_T3_AD6N_35
K14,35,IO_L20P_T3_AD6P_35
