STARTPOINT_PIN	ENDPOINT_PIN	SLACK	DATAPATH_DELAY	LOGIC_LEVELS	REQUIREMENT	SKEW
native_system/digital/cfg_reg[9][0]/C	native_system/digital/scheduler/issued_reg[0]/CE	-0.552	7.875	9	7.576	-0.049
native_system/digital/cfg_reg[9][0]/C	native_system/digital/scheduler/issued_reg[10]/CE	-0.552	7.875	9	7.576	-0.049
native_system/digital/cfg_reg[9][0]/C	native_system/digital/scheduler/issued_reg[11]/CE	-0.552	7.875	9	7.576	-0.049
native_system/digital/cfg_reg[9][0]/C	native_system/digital/scheduler/issued_reg[12]/CE	-0.552	7.875	9	7.576	-0.049
native_system/digital/cfg_reg[9][0]/C	native_system/digital/scheduler/issued_reg[13]/CE	-0.552	7.875	9	7.576	-0.049
native_system/digital/cfg_reg[9][0]/C	native_system/digital/scheduler/issued_reg[14]/CE	-0.552	7.875	9	7.576	-0.049
native_system/digital/cfg_reg[9][0]/C	native_system/digital/scheduler/issued_reg[15]/CE	-0.552	7.875	9	7.576	-0.049
native_system/digital/cfg_reg[9][0]/C	native_system/digital/scheduler/issued_reg[16]/CE	-0.552	7.875	9	7.576	-0.049
native_system/digital/cfg_reg[9][0]/C	native_system/digital/scheduler/issued_reg[17]/CE	-0.552	7.875	9	7.576	-0.049
native_system/digital/cfg_reg[9][0]/C	native_system/digital/scheduler/issued_reg[18]/CE	-0.552	7.875	9	7.576	-0.049
native_system/digital/cfg_reg[9][0]/C	native_system/digital/scheduler/issued_reg[19]/CE	-0.552	7.875	9	7.576	-0.049
native_system/digital/cfg_reg[9][0]/C	native_system/digital/scheduler/issued_reg[1]/CE	-0.552	7.875	9	7.576	-0.049
native_system/digital/cfg_reg[9][0]/C	native_system/digital/scheduler/issued_reg[20]/CE	-0.552	7.875	9	7.576	-0.049
native_system/digital/cfg_reg[9][0]/C	native_system/digital/scheduler/issued_reg[21]/CE	-0.552	7.875	9	7.576	-0.049
native_system/digital/cfg_reg[9][0]/C	native_system/digital/scheduler/issued_reg[22]/CE	-0.552	7.875	9	7.576	-0.049
native_system/digital/cfg_reg[9][0]/C	native_system/digital/scheduler/issued_reg[23]/CE	-0.552	7.875	9	7.576	-0.049
native_system/digital/cfg_reg[9][0]/C	native_system/digital/scheduler/issued_reg[24]/CE	-0.552	7.875	9	7.576	-0.049
native_system/digital/cfg_reg[9][0]/C	native_system/digital/scheduler/issued_reg[25]/CE	-0.552	7.875	9	7.576	-0.049
native_system/digital/cfg_reg[9][0]/C	native_system/digital/scheduler/issued_reg[26]/CE	-0.552	7.875	9	7.576	-0.049
native_system/digital/cfg_reg[9][0]/C	native_system/digital/scheduler/issued_reg[27]/CE	-0.552	7.875	9	7.576	-0.049
