connector,connector_pin,package_pin,bank,vcco,io_standard,dir,net,clock_class,reset_level,pull,power_domain,harness_pin,source,verification,status
J10,1,-,,NOT_APPLICABLE,NOT_APPLICABLE,POWER_OR_GROUND,GND,CONTROL_OR_DATA,GROUND,NONE,SIGNAL_GROUND_RETURN_REVIEW,J10.1,ALINX_PUBLIC_MANUAL_AND_VIVADO_PACKAGE_DATABASE,REV3_AND_VCCO_AND_TIMING_UNVERIFIED,NON_DEPLOYABLE
J10,2,-,,NOT_APPLICABLE,NOT_APPLICABLE,POWER_OR_GROUND,+5V,CONTROL_OR_DATA,POWER_RAIL_NOT_GPIO,NO_PARALLEL_NO_BACKFEED,SINGLE_HEADER_+5V_PROTECTED_SOURCE_CANDIDATE,J10.2,ALINX_PUBLIC_MANUAL_AND_VIVADO_PACKAGE_DATABASE,REV3_AND_VCCO_AND_TIMING_UNVERIFIED,NON_DEPLOYABLE
J10,3,W19,34,3.3V_DOCUMENTED_NOT_MEASURED,LVCMOS33_CANDIDATE,OUT,TX_DATA_UP[0],CONTROL_OR_DATA,OFF_OR_HIGH_Z,EXTERNAL_DEFAULT_OFF_REQUIRES_REVIEW,CENTRAL_3V3_CANDIDATE,J10.3,ALINX_PUBLIC_MANUAL_AND_VIVADO_PACKAGE_DATABASE,REV3_AND_VCCO_AND_TIMING_UNVERIFIED,NON_DEPLOYABLE
J10,4,W18,34,3.3V_DOCUMENTED_NOT_MEASURED,LVCMOS33_CANDIDATE,OUT,TX_DATA_UP[1],CONTROL_OR_DATA,OFF_OR_HIGH_Z,EXTERNAL_DEFAULT_OFF_REQUIRES_REVIEW,CENTRAL_3V3_CANDIDATE,J10.4,ALINX_PUBLIC_MANUAL_AND_VIVADO_PACKAGE_DATABASE,REV3_AND_VCCO_AND_TIMING_UNVERIFIED,NON_DEPLOYABLE
J10,5,R14,34,3.3V_DOCUMENTED_NOT_MEASURED,LVCMOS33_CANDIDATE,OUT,TX_DATA_UP[2],CONTROL_OR_DATA,OFF_OR_HIGH_Z,EXTERNAL_DEFAULT_OFF_REQUIRES_REVIEW,CENTRAL_3V3_CANDIDATE,J10.5,ALINX_PUBLIC_MANUAL_AND_VIVADO_PACKAGE_DATABASE,REV3_AND_VCCO_AND_TIMING_UNVERIFIED,NON_DEPLOYABLE
J10,6,P14,34,3.3V_DOCUMENTED_NOT_MEASURED,LVCMOS33_CANDIDATE,OUT,TX_DATA_UP[3],CONTROL_OR_DATA,OFF_OR_HIGH_Z,EXTERNAL_DEFAULT_OFF_REQUIRES_REVIEW,CENTRAL_3V3_CANDIDATE,J10.6,ALINX_PUBLIC_MANUAL_AND_VIVADO_PACKAGE_DATABASE,REV3_AND_VCCO_AND_TIMING_UNVERIFIED,NON_DEPLOYABLE
J10,7,Y17,34,3.3V_DOCUMENTED_NOT_MEASURED,LVCMOS33_CANDIDATE,OUT,TX_DATA_UP[4],CONTROL_OR_DATA,OFF_OR_HIGH_Z,EXTERNAL_DEFAULT_OFF_REQUIRES_REVIEW,CENTRAL_3V3_CANDIDATE,J10.7,ALINX_PUBLIC_MANUAL_AND_VIVADO_PACKAGE_DATABASE,REV3_AND_VCCO_AND_TIMING_UNVERIFIED,NON_DEPLOYABLE
J10,8,Y16,34,3.3V_DOCUMENTED_NOT_MEASURED,LVCMOS33_CANDIDATE,OUT,TX_DATA_UP[5],CONTROL_OR_DATA,OFF_OR_HIGH_Z,EXTERNAL_DEFAULT_OFF_REQUIRES_REVIEW,CENTRAL_3V3_CANDIDATE,J10.8,ALINX_PUBLIC_MANUAL_AND_VIVADO_PACKAGE_DATABASE,REV3_AND_VCCO_AND_TIMING_UNVERIFIED,NON_DEPLOYABLE
J10,9,W15,34,3.3V_DOCUMENTED_NOT_MEASURED,LVCMOS33_CANDIDATE,OUT,TX_DATA_UP[6],CONTROL_OR_DATA,OFF_OR_HIGH_Z,EXTERNAL_DEFAULT_OFF_REQUIRES_REVIEW,CENTRAL_3V3_CANDIDATE,J10.9,ALINX_PUBLIC_MANUAL_AND_VIVADO_PACKAGE_DATABASE,REV3_AND_VCCO_AND_TIMING_UNVERIFIED,NON_DEPLOYABLE
J10,10,V15,34,3.3V_DOCUMENTED_NOT_MEASURED,LVCMOS33_CANDIDATE,OUT,TX_DATA_UP[7],CONTROL_OR_DATA,OFF_OR_HIGH_Z,EXTERNAL_DEFAULT_OFF_REQUIRES_REVIEW,CENTRAL_3V3_CANDIDATE,J10.10,ALINX_PUBLIC_MANUAL_AND_VIVADO_PACKAGE_DATABASE,REV3_AND_VCCO_AND_TIMING_UNVERIFIED,NON_DEPLOYABLE
J10,11,Y14,34,3.3V_DOCUMENTED_NOT_MEASURED,LVCMOS33_CANDIDATE,OUT,TX_DATA_UP[8],CONTROL_OR_DATA,OFF_OR_HIGH_Z,EXTERNAL_DEFAULT_OFF_REQUIRES_REVIEW,CENTRAL_3V3_CANDIDATE,J10.11,ALINX_PUBLIC_MANUAL_AND_VIVADO_PACKAGE_DATABASE,REV3_AND_VCCO_AND_TIMING_UNVERIFIED,NON_DEPLOYABLE
J10,12,W14,34,3.3V_DOCUMENTED_NOT_MEASURED,LVCMOS33_CANDIDATE,OUT,TX_DATA_UP[9],CONTROL_OR_DATA,OFF_OR_HIGH_Z,EXTERNAL_DEFAULT_OFF_REQUIRES_REVIEW,CENTRAL_3V3_CANDIDATE,J10.12,ALINX_PUBLIC_MANUAL_AND_VIVADO_PACKAGE_DATABASE,REV3_AND_VCCO_AND_TIMING_UNVERIFIED,NON_DEPLOYABLE
J10,13,P18,34,3.3V_DOCUMENTED_NOT_MEASURED,LVCMOS33_CANDIDATE,OUT,TX_DATA_UP[10],CONTROL_OR_DATA,OFF_OR_HIGH_Z,EXTERNAL_DEFAULT_OFF_REQUIRES_REVIEW,CENTRAL_3V3_CANDIDATE,J10.13,ALINX_PUBLIC_MANUAL_AND_VIVADO_PACKAGE_DATABASE,REV3_AND_VCCO_AND_TIMING_UNVERIFIED,NON_DEPLOYABLE
J10,14,N17,34,3.3V_DOCUMENTED_NOT_MEASURED,LVCMOS33_CANDIDATE,OUT,TX_DATA_UP[11],CONTROL_OR_DATA,OFF_OR_HIGH_Z,EXTERNAL_DEFAULT_OFF_REQUIRES_REVIEW,CENTRAL_3V3_CANDIDATE,J10.14,ALINX_PUBLIC_MANUAL_AND_VIVADO_PACKAGE_DATABASE,REV3_AND_VCCO_AND_TIMING_UNVERIFIED,NON_DEPLOYABLE
J10,15,U15,34,3.3V_DOCUMENTED_NOT_MEASURED,LVCMOS33_CANDIDATE,OUT,TX_DATA_UP[12],CONTROL_OR_DATA,OFF_OR_HIGH_Z,EXTERNAL_DEFAULT_OFF_REQUIRES_REVIEW,CENTRAL_3V3_CANDIDATE,J10.15,ALINX_PUBLIC_MANUAL_AND_VIVADO_PACKAGE_DATABASE,REV3_AND_VCCO_AND_TIMING_UNVERIFIED,NON_DEPLOYABLE
J10,16,U14,34,3.3V_DOCUMENTED_NOT_MEASURED,LVCMOS33_CANDIDATE,OUT,TX_DATA_UP[13],CONTROL_OR_DATA,OFF_OR_HIGH_Z,EXTERNAL_DEFAULT_OFF_REQUIRES_REVIEW,CENTRAL_3V3_CANDIDATE,J10.16,ALINX_PUBLIC_MANUAL_AND_VIVADO_PACKAGE_DATABASE,REV3_AND_VCCO_AND_TIMING_UNVERIFIED,NON_DEPLOYABLE
J10,17,P16,34,3.3V_DOCUMENTED_NOT_MEASURED,LVCMOS33_CANDIDATE,OUT,TX_DATA_UP[14],CONTROL_OR_DATA,OFF_OR_HIGH_Z,EXTERNAL_DEFAULT_OFF_REQUIRES_REVIEW,CENTRAL_3V3_CANDIDATE,J10.17,ALINX_PUBLIC_MANUAL_AND_VIVADO_PACKAGE_DATABASE,REV3_AND_VCCO_AND_TIMING_UNVERIFIED,NON_DEPLOYABLE
J10,18,P15,34,3.3V_DOCUMENTED_NOT_MEASURED,LVCMOS33_CANDIDATE,OUT,TX_DATA_UP[15],CONTROL_OR_DATA,OFF_OR_HIGH_Z,EXTERNAL_DEFAULT_OFF_REQUIRES_REVIEW,CENTRAL_3V3_CANDIDATE,J10.18,ALINX_PUBLIC_MANUAL_AND_VIVADO_PACKAGE_DATABASE,REV3_AND_VCCO_AND_TIMING_UNVERIFIED,NON_DEPLOYABLE
J10,19,U17,34,3.3V_DOCUMENTED_NOT_MEASURED,LVCMOS33_CANDIDATE,OUT,UP_SRCLK,66MHz_CANDIDATE,OFF_OR_HIGH_Z,EXTERNAL_DEFAULT_OFF_REQUIRES_REVIEW,CENTRAL_3V3_CANDIDATE,J10.19,ALINX_PUBLIC_MANUAL_AND_VIVADO_PACKAGE_DATABASE,REV3_AND_VCCO_AND_TIMING_UNVERIFIED,NON_DEPLOYABLE
J10,20,T16,34,3.3V_DOCUMENTED_NOT_MEASURED,LVCMOS33_CANDIDATE,OUT,UP_RCLK,CONTROL_OR_DATA,OFF_OR_HIGH_Z,EXTERNAL_DEFAULT_OFF_REQUIRES_REVIEW,CENTRAL_3V3_CANDIDATE,J10.20,ALINX_PUBLIC_MANUAL_AND_VIVADO_PACKAGE_DATABASE,REV3_AND_VCCO_AND_TIMING_UNVERIFIED,NON_DEPLOYABLE
J10,21,V18,34,3.3V_DOCUMENTED_NOT_MEASURED,LVCMOS33_CANDIDATE,OUT,UP_OE_N,CONTROL_OR_DATA,OFF_OR_HIGH_Z,EXTERNAL_DEFAULT_OFF_REQUIRES_REVIEW,CENTRAL_3V3_CANDIDATE,J10.21,ALINX_PUBLIC_MANUAL_AND_VIVADO_PACKAGE_DATABASE,REV3_AND_VCCO_AND_TIMING_UNVERIFIED,NON_DEPLOYABLE
J10,22,V17,34,3.3V_DOCUMENTED_NOT_MEASURED,LVCMOS33_CANDIDATE,OUT,UP_RESET_N,CONTROL_OR_DATA,OFF_OR_HIGH_Z,EXTERNAL_DEFAULT_OFF_REQUIRES_REVIEW,CENTRAL_3V3_CANDIDATE,J10.22,ALINX_PUBLIC_MANUAL_AND_VIVADO_PACKAGE_DATABASE,REV3_AND_VCCO_AND_TIMING_UNVERIFIED,NON_DEPLOYABLE
J10,23,T15,34,3.3V_DOCUMENTED_NOT_MEASURED,LVCMOS33_CANDIDATE,OUT,UP_RX_BLANK,CONTROL_OR_DATA,OFF_OR_HIGH_Z,EXTERNAL_DEFAULT_OFF_REQUIRES_REVIEW,CENTRAL_3V3_CANDIDATE,J10.23,ALINX_PUBLIC_MANUAL_AND_VIVADO_PACKAGE_DATABASE,REV3_AND_VCCO_AND_TIMING_UNVERIFIED,NON_DEPLOYABLE
J10,24,T14,34,3.3V_DOCUMENTED_NOT_MEASURED,LVCMOS33_CANDIDATE,OUT,UP_HEARTBEAT,CONTROL_OR_DATA,OFF_OR_HIGH_Z,EXTERNAL_DEFAULT_OFF_REQUIRES_REVIEW,CENTRAL_3V3_CANDIDATE,J10.24,ALINX_PUBLIC_MANUAL_AND_VIVADO_PACKAGE_DATABASE,REV3_AND_VCCO_AND_TIMING_UNVERIFIED,NON_DEPLOYABLE
J10,25,V13,34,3.3V_DOCUMENTED_NOT_MEASURED,LVCMOS33_CANDIDATE,OUT,UP_SYNC,CONTROL_OR_DATA,OFF_OR_HIGH_Z,EXTERNAL_DEFAULT_OFF_REQUIRES_REVIEW,CENTRAL_3V3_CANDIDATE,J10.25,ALINX_PUBLIC_MANUAL_AND_VIVADO_PACKAGE_DATABASE,REV3_AND_VCCO_AND_TIMING_UNVERIFIED,NON_DEPLOYABLE
J10,26,U13,34,3.3V_DOCUMENTED_NOT_MEASURED,LVCMOS33_CANDIDATE,IN,UP_PGOOD,CONTROL_OR_DATA,OFF_OR_HIGH_Z,EXTERNAL_DEFAULT_OFF_REQUIRES_REVIEW,CENTRAL_3V3_CANDIDATE,J10.26,ALINX_PUBLIC_MANUAL_AND_VIVADO_PACKAGE_DATABASE,REV3_AND_VCCO_AND_TIMING_UNVERIFIED,NON_DEPLOYABLE
J10,27,W13,34,3.3V_DOCUMENTED_NOT_MEASURED,LVCMOS33_CANDIDATE,IN,UP_FAULT_N,CONTROL_OR_DATA,OFF_OR_HIGH_Z,EXTERNAL_DEFAULT_OFF_REQUIRES_REVIEW,CENTRAL_3V3_CANDIDATE,J10.27,ALINX_PUBLIC_MANUAL_AND_VIVADO_PACKAGE_DATABASE,REV3_AND_VCCO_AND_TIMING_UNVERIFIED,NON_DEPLOYABLE
J10,28,V12,34,3.3V_DOCUMENTED_NOT_MEASURED,LVCMOS33_CANDIDATE,OUT,ADC_CONVST,CONTROL_OR_DATA,OFF_OR_HIGH_Z,EXTERNAL_DEFAULT_OFF_REQUIRES_REVIEW,CENTRAL_3V3_CANDIDATE,J10.28,ALINX_PUBLIC_MANUAL_AND_VIVADO_PACKAGE_DATABASE,REV3_AND_VCCO_AND_TIMING_UNVERIFIED,NON_DEPLOYABLE
J10,29,U12,34,3.3V_DOCUMENTED_NOT_MEASURED,LVCMOS33_CANDIDATE,OUT,ADC_SCLK,33MHz_CANDIDATE,OFF_OR_HIGH_Z,EXTERNAL_DEFAULT_OFF_REQUIRES_REVIEW,CENTRAL_3V3_CANDIDATE,J10.29,ALINX_PUBLIC_MANUAL_AND_VIVADO_PACKAGE_DATABASE,REV3_AND_VCCO_AND_TIMING_UNVERIFIED,NON_DEPLOYABLE
J10,30,T12,34,3.3V_DOCUMENTED_NOT_MEASURED,LVCMOS33_CANDIDATE,OUT,ADC_CS_N,CONTROL_OR_DATA,OFF_OR_HIGH_Z,EXTERNAL_DEFAULT_OFF_REQUIRES_REVIEW,CENTRAL_3V3_CANDIDATE,J10.30,ALINX_PUBLIC_MANUAL_AND_VIVADO_PACKAGE_DATABASE,REV3_AND_VCCO_AND_TIMING_UNVERIFIED,NON_DEPLOYABLE
J10,31,T10,34,3.3V_DOCUMENTED_NOT_MEASURED,LVCMOS33_CANDIDATE,OUT,ADC_SDI,CONTROL_OR_DATA,OFF_OR_HIGH_Z,EXTERNAL_DEFAULT_OFF_REQUIRES_REVIEW,CENTRAL_3V3_CANDIDATE,J10.31,ALINX_PUBLIC_MANUAL_AND_VIVADO_PACKAGE_DATABASE,REV3_AND_VCCO_AND_TIMING_UNVERIFIED,NON_DEPLOYABLE
J10,32,T11,34,3.3V_DOCUMENTED_NOT_MEASURED,LVCMOS33_CANDIDATE,OUT,ADC_RESET,CONTROL_OR_DATA,OFF_OR_HIGH_Z,EXTERNAL_DEFAULT_OFF_REQUIRES_REVIEW,CENTRAL_3V3_CANDIDATE,J10.32,ALINX_PUBLIC_MANUAL_AND_VIVADO_PACKAGE_DATABASE,REV3_AND_VCCO_AND_TIMING_UNVERIFIED,NON_DEPLOYABLE
J10,33,A20,35,3.3V_DOCUMENTED_NOT_MEASURED,LVCMOS33_CANDIDATE,IN,ADC_BUSY,CONTROL_OR_DATA,OFF_OR_HIGH_Z,EXTERNAL_DEFAULT_OFF_REQUIRES_REVIEW,CENTRAL_3V3_CANDIDATE,J10.33,ALINX_PUBLIC_MANUAL_AND_VIVADO_PACKAGE_DATABASE,REV3_AND_VCCO_AND_TIMING_UNVERIFIED,NON_DEPLOYABLE
J10,34,B19,35,3.3V_DOCUMENTED_NOT_MEASURED,LVCMOS33_CANDIDATE,IN,ADC_DOUT[0],CONTROL_OR_DATA,OFF_OR_HIGH_Z,EXTERNAL_DEFAULT_OFF_REQUIRES_REVIEW,CENTRAL_3V3_CANDIDATE,J10.34,ALINX_PUBLIC_MANUAL_AND_VIVADO_PACKAGE_DATABASE,REV3_AND_VCCO_AND_TIMING_UNVERIFIED,NON_DEPLOYABLE
J10,35,B20,35,3.3V_DOCUMENTED_NOT_MEASURED,LVCMOS33_CANDIDATE,IN,ADC_DOUT[1],CONTROL_OR_DATA,OFF_OR_HIGH_Z,EXTERNAL_DEFAULT_OFF_REQUIRES_REVIEW,CENTRAL_3V3_CANDIDATE,J10.35,ALINX_PUBLIC_MANUAL_AND_VIVADO_PACKAGE_DATABASE,REV3_AND_VCCO_AND_TIMING_UNVERIFIED,NON_DEPLOYABLE
J10,36,C20,35,3.3V_DOCUMENTED_NOT_MEASURED,LVCMOS33_CANDIDATE,IN,ADC_DOUT[2],CONTROL_OR_DATA,OFF_OR_HIGH_Z,EXTERNAL_DEFAULT_OFF_REQUIRES_REVIEW,CENTRAL_3V3_CANDIDATE,J10.36,ALINX_PUBLIC_MANUAL_AND_VIVADO_PACKAGE_DATABASE,REV3_AND_VCCO_AND_TIMING_UNVERIFIED,NON_DEPLOYABLE
J10,37,-,,NOT_APPLICABLE,NOT_APPLICABLE,POWER_OR_GROUND,GND,CONTROL_OR_DATA,GROUND,NONE,SIGNAL_GROUND_RETURN_REVIEW,J10.37,ALINX_PUBLIC_MANUAL_AND_VIVADO_PACKAGE_DATABASE,REV3_AND_VCCO_AND_TIMING_UNVERIFIED,NON_DEPLOYABLE
J10,38,-,,NOT_APPLICABLE,NOT_APPLICABLE,POWER_OR_GROUND,GND,CONTROL_OR_DATA,GROUND,NONE,SIGNAL_GROUND_RETURN_REVIEW,J10.38,ALINX_PUBLIC_MANUAL_AND_VIVADO_PACKAGE_DATABASE,REV3_AND_VCCO_AND_TIMING_UNVERIFIED,NON_DEPLOYABLE
J10,39,-,,NOT_APPLICABLE,NOT_APPLICABLE,POWER_OR_GROUND,+3.3V,CONTROL_OR_DATA,POWER_RAIL_NOT_GPIO,NO_PARALLEL_NO_BACKFEED,SINGLE_HEADER_+3.3V_PROTECTED_SOURCE_CANDIDATE,J10.39,ALINX_PUBLIC_MANUAL_AND_VIVADO_PACKAGE_DATABASE,REV3_AND_VCCO_AND_TIMING_UNVERIFIED,NON_DEPLOYABLE
J10,40,-,,NOT_APPLICABLE,NOT_APPLICABLE,POWER_OR_GROUND,+3.3V,CONTROL_OR_DATA,POWER_RAIL_NOT_GPIO,NO_PARALLEL_NO_BACKFEED,HEADER_POWER_CONTACT_ISOLATED_AT_CENTRAL,J10.40,ALINX_PUBLIC_MANUAL_AND_VIVADO_PACKAGE_DATABASE,REV3_AND_VCCO_AND_TIMING_UNVERIFIED,NON_DEPLOYABLE
J11,1,-,,NOT_APPLICABLE,NOT_APPLICABLE,POWER_OR_GROUND,GND,CONTROL_OR_DATA,GROUND,NONE,SIGNAL_GROUND_RETURN_REVIEW,J11.1,ALINX_PUBLIC_MANUAL_AND_VIVADO_PACKAGE_DATABASE,REV3_AND_VCCO_AND_TIMING_UNVERIFIED,NON_DEPLOYABLE
J11,2,-,,NOT_APPLICABLE,NOT_APPLICABLE,POWER_OR_GROUND,+5V,CONTROL_OR_DATA,POWER_RAIL_NOT_GPIO,NO_PARALLEL_NO_BACKFEED,HEADER_POWER_CONTACT_ISOLATED_AT_CENTRAL,J11.2,ALINX_PUBLIC_MANUAL_AND_VIVADO_PACKAGE_DATABASE,REV3_AND_VCCO_AND_TIMING_UNVERIFIED,NON_DEPLOYABLE
J11,3,F17,35,3.3V_DOCUMENTED_NOT_MEASURED,LVCMOS33_CANDIDATE,OUT,TX_DATA_DN[0],CONTROL_OR_DATA,OFF_OR_HIGH_Z,EXTERNAL_DEFAULT_OFF_REQUIRES_REVIEW,CENTRAL_3V3_CANDIDATE,J11.3,ALINX_PUBLIC_MANUAL_AND_VIVADO_PACKAGE_DATABASE,REV3_AND_VCCO_AND_TIMING_UNVERIFIED,NON_DEPLOYABLE
J11,4,F16,35,3.3V_DOCUMENTED_NOT_MEASURED,LVCMOS33_CANDIDATE,OUT,TX_DATA_DN[1],CONTROL_OR_DATA,OFF_OR_HIGH_Z,EXTERNAL_DEFAULT_OFF_REQUIRES_REVIEW,CENTRAL_3V3_CANDIDATE,J11.4,ALINX_PUBLIC_MANUAL_AND_VIVADO_PACKAGE_DATABASE,REV3_AND_VCCO_AND_TIMING_UNVERIFIED,NON_DEPLOYABLE
J11,5,F20,35,3.3V_DOCUMENTED_NOT_MEASURED,LVCMOS33_CANDIDATE,OUT,TX_DATA_DN[2],CONTROL_OR_DATA,OFF_OR_HIGH_Z,EXTERNAL_DEFAULT_OFF_REQUIRES_REVIEW,CENTRAL_3V3_CANDIDATE,J11.5,ALINX_PUBLIC_MANUAL_AND_VIVADO_PACKAGE_DATABASE,REV3_AND_VCCO_AND_TIMING_UNVERIFIED,NON_DEPLOYABLE
J11,6,F19,35,3.3V_DOCUMENTED_NOT_MEASURED,LVCMOS33_CANDIDATE,OUT,TX_DATA_DN[3],CONTROL_OR_DATA,OFF_OR_HIGH_Z,EXTERNAL_DEFAULT_OFF_REQUIRES_REVIEW,CENTRAL_3V3_CANDIDATE,J11.6,ALINX_PUBLIC_MANUAL_AND_VIVADO_PACKAGE_DATABASE,REV3_AND_VCCO_AND_TIMING_UNVERIFIED,NON_DEPLOYABLE
J11,7,G20,35,3.3V_DOCUMENTED_NOT_MEASURED,LVCMOS33_CANDIDATE,OUT,TX_DATA_DN[4],CONTROL_OR_DATA,OFF_OR_HIGH_Z,EXTERNAL_DEFAULT_OFF_REQUIRES_REVIEW,CENTRAL_3V3_CANDIDATE,J11.7,ALINX_PUBLIC_MANUAL_AND_VIVADO_PACKAGE_DATABASE,REV3_AND_VCCO_AND_TIMING_UNVERIFIED,NON_DEPLOYABLE
J11,8,G19,35,3.3V_DOCUMENTED_NOT_MEASURED,LVCMOS33_CANDIDATE,OUT,TX_DATA_DN[5],CONTROL_OR_DATA,OFF_OR_HIGH_Z,EXTERNAL_DEFAULT_OFF_REQUIRES_REVIEW,CENTRAL_3V3_CANDIDATE,J11.8,ALINX_PUBLIC_MANUAL_AND_VIVADO_PACKAGE_DATABASE,REV3_AND_VCCO_AND_TIMING_UNVERIFIED,NON_DEPLOYABLE
J11,9,H18,35,3.3V_DOCUMENTED_NOT_MEASURED,LVCMOS33_CANDIDATE,OUT,TX_DATA_DN[6],CONTROL_OR_DATA,OFF_OR_HIGH_Z,EXTERNAL_DEFAULT_OFF_REQUIRES_REVIEW,CENTRAL_3V3_CANDIDATE,J11.9,ALINX_PUBLIC_MANUAL_AND_VIVADO_PACKAGE_DATABASE,REV3_AND_VCCO_AND_TIMING_UNVERIFIED,NON_DEPLOYABLE
J11,10,J18,35,3.3V_DOCUMENTED_NOT_MEASURED,LVCMOS33_CANDIDATE,OUT,TX_DATA_DN[7],CONTROL_OR_DATA,OFF_OR_HIGH_Z,EXTERNAL_DEFAULT_OFF_REQUIRES_REVIEW,CENTRAL_3V3_CANDIDATE,J11.10,ALINX_PUBLIC_MANUAL_AND_VIVADO_PACKAGE_DATABASE,REV3_AND_VCCO_AND_TIMING_UNVERIFIED,NON_DEPLOYABLE
J11,11,L20,35,3.3V_DOCUMENTED_NOT_MEASURED,LVCMOS33_CANDIDATE,OUT,TX_DATA_DN[8],CONTROL_OR_DATA,OFF_OR_HIGH_Z,EXTERNAL_DEFAULT_OFF_REQUIRES_REVIEW,CENTRAL_3V3_CANDIDATE,J11.11,ALINX_PUBLIC_MANUAL_AND_VIVADO_PACKAGE_DATABASE,REV3_AND_VCCO_AND_TIMING_UNVERIFIED,NON_DEPLOYABLE
J11,12,L19,35,3.3V_DOCUMENTED_NOT_MEASURED,LVCMOS33_CANDIDATE,OUT,TX_DATA_DN[9],CONTROL_OR_DATA,OFF_OR_HIGH_Z,EXTERNAL_DEFAULT_OFF_REQUIRES_REVIEW,CENTRAL_3V3_CANDIDATE,J11.12,ALINX_PUBLIC_MANUAL_AND_VIVADO_PACKAGE_DATABASE,REV3_AND_VCCO_AND_TIMING_UNVERIFIED,NON_DEPLOYABLE
J11,13,M20,35,3.3V_DOCUMENTED_NOT_MEASURED,LVCMOS33_CANDIDATE,OUT,TX_DATA_DN[10],CONTROL_OR_DATA,OFF_OR_HIGH_Z,EXTERNAL_DEFAULT_OFF_REQUIRES_REVIEW,CENTRAL_3V3_CANDIDATE,J11.13,ALINX_PUBLIC_MANUAL_AND_VIVADO_PACKAGE_DATABASE,REV3_AND_VCCO_AND_TIMING_UNVERIFIED,NON_DEPLOYABLE
J11,14,M19,35,3.3V_DOCUMENTED_NOT_MEASURED,LVCMOS33_CANDIDATE,OUT,TX_DATA_DN[11],CONTROL_OR_DATA,OFF_OR_HIGH_Z,EXTERNAL_DEFAULT_OFF_REQUIRES_REVIEW,CENTRAL_3V3_CANDIDATE,J11.14,ALINX_PUBLIC_MANUAL_AND_VIVADO_PACKAGE_DATABASE,REV3_AND_VCCO_AND_TIMING_UNVERIFIED,NON_DEPLOYABLE
J11,15,K18,35,3.3V_DOCUMENTED_NOT_MEASURED,LVCMOS33_CANDIDATE,OUT,TX_DATA_DN[12],CONTROL_OR_DATA,OFF_OR_HIGH_Z,EXTERNAL_DEFAULT_OFF_REQUIRES_REVIEW,CENTRAL_3V3_CANDIDATE,J11.15,ALINX_PUBLIC_MANUAL_AND_VIVADO_PACKAGE_DATABASE,REV3_AND_VCCO_AND_TIMING_UNVERIFIED,NON_DEPLOYABLE
J11,16,K17,35,3.3V_DOCUMENTED_NOT_MEASURED,LVCMOS33_CANDIDATE,OUT,TX_DATA_DN[13],CONTROL_OR_DATA,OFF_OR_HIGH_Z,EXTERNAL_DEFAULT_OFF_REQUIRES_REVIEW,CENTRAL_3V3_CANDIDATE,J11.16,ALINX_PUBLIC_MANUAL_AND_VIVADO_PACKAGE_DATABASE,REV3_AND_VCCO_AND_TIMING_UNVERIFIED,NON_DEPLOYABLE
J11,17,J19,35,3.3V_DOCUMENTED_NOT_MEASURED,LVCMOS33_CANDIDATE,OUT,TX_DATA_DN[14],CONTROL_OR_DATA,OFF_OR_HIGH_Z,EXTERNAL_DEFAULT_OFF_REQUIRES_REVIEW,CENTRAL_3V3_CANDIDATE,J11.17,ALINX_PUBLIC_MANUAL_AND_VIVADO_PACKAGE_DATABASE,REV3_AND_VCCO_AND_TIMING_UNVERIFIED,NON_DEPLOYABLE
J11,18,K19,35,3.3V_DOCUMENTED_NOT_MEASURED,LVCMOS33_CANDIDATE,OUT,TX_DATA_DN[15],CONTROL_OR_DATA,OFF_OR_HIGH_Z,EXTERNAL_DEFAULT_OFF_REQUIRES_REVIEW,CENTRAL_3V3_CANDIDATE,J11.18,ALINX_PUBLIC_MANUAL_AND_VIVADO_PACKAGE_DATABASE,REV3_AND_VCCO_AND_TIMING_UNVERIFIED,NON_DEPLOYABLE
J11,19,H20,35,3.3V_DOCUMENTED_NOT_MEASURED,LVCMOS33_CANDIDATE,OUT,DN_SRCLK,66MHz_CANDIDATE,OFF_OR_HIGH_Z,EXTERNAL_DEFAULT_OFF_REQUIRES_REVIEW,CENTRAL_3V3_CANDIDATE,J11.19,ALINX_PUBLIC_MANUAL_AND_VIVADO_PACKAGE_DATABASE,REV3_AND_VCCO_AND_TIMING_UNVERIFIED,NON_DEPLOYABLE
J11,20,J20,35,3.3V_DOCUMENTED_NOT_MEASURED,LVCMOS33_CANDIDATE,OUT,DN_RCLK,CONTROL_OR_DATA,OFF_OR_HIGH_Z,EXTERNAL_DEFAULT_OFF_REQUIRES_REVIEW,CENTRAL_3V3_CANDIDATE,J11.20,ALINX_PUBLIC_MANUAL_AND_VIVADO_PACKAGE_DATABASE,REV3_AND_VCCO_AND_TIMING_UNVERIFIED,NON_DEPLOYABLE
J11,21,L17,35,3.3V_DOCUMENTED_NOT_MEASURED,LVCMOS33_CANDIDATE,OUT,DN_OE_N,CONTROL_OR_DATA,OFF_OR_HIGH_Z,EXTERNAL_DEFAULT_OFF_REQUIRES_REVIEW,CENTRAL_3V3_CANDIDATE,J11.21,ALINX_PUBLIC_MANUAL_AND_VIVADO_PACKAGE_DATABASE,REV3_AND_VCCO_AND_TIMING_UNVERIFIED,NON_DEPLOYABLE
J11,22,L16,35,3.3V_DOCUMENTED_NOT_MEASURED,LVCMOS33_CANDIDATE,OUT,DN_RESET_N,CONTROL_OR_DATA,OFF_OR_HIGH_Z,EXTERNAL_DEFAULT_OFF_REQUIRES_REVIEW,CENTRAL_3V3_CANDIDATE,J11.22,ALINX_PUBLIC_MANUAL_AND_VIVADO_PACKAGE_DATABASE,REV3_AND_VCCO_AND_TIMING_UNVERIFIED,NON_DEPLOYABLE
J11,23,M18,35,3.3V_DOCUMENTED_NOT_MEASURED,LVCMOS33_CANDIDATE,OUT,DN_RX_BLANK,CONTROL_OR_DATA,OFF_OR_HIGH_Z,EXTERNAL_DEFAULT_OFF_REQUIRES_REVIEW,CENTRAL_3V3_CANDIDATE,J11.23,ALINX_PUBLIC_MANUAL_AND_VIVADO_PACKAGE_DATABASE,REV3_AND_VCCO_AND_TIMING_UNVERIFIED,NON_DEPLOYABLE
J11,24,M17,35,3.3V_DOCUMENTED_NOT_MEASURED,LVCMOS33_CANDIDATE,OUT,DN_HEARTBEAT,CONTROL_OR_DATA,OFF_OR_HIGH_Z,EXTERNAL_DEFAULT_OFF_REQUIRES_REVIEW,CENTRAL_3V3_CANDIDATE,J11.24,ALINX_PUBLIC_MANUAL_AND_VIVADO_PACKAGE_DATABASE,REV3_AND_VCCO_AND_TIMING_UNVERIFIED,NON_DEPLOYABLE
J11,25,D20,35,3.3V_DOCUMENTED_NOT_MEASURED,LVCMOS33_CANDIDATE,OUT,DN_SYNC,CONTROL_OR_DATA,OFF_OR_HIGH_Z,EXTERNAL_DEFAULT_OFF_REQUIRES_REVIEW,CENTRAL_3V3_CANDIDATE,J11.25,ALINX_PUBLIC_MANUAL_AND_VIVADO_PACKAGE_DATABASE,REV3_AND_VCCO_AND_TIMING_UNVERIFIED,NON_DEPLOYABLE
J11,26,D19,35,3.3V_DOCUMENTED_NOT_MEASURED,LVCMOS33_CANDIDATE,IN,DN_PGOOD,CONTROL_OR_DATA,OFF_OR_HIGH_Z,EXTERNAL_DEFAULT_OFF_REQUIRES_REVIEW,CENTRAL_3V3_CANDIDATE,J11.26,ALINX_PUBLIC_MANUAL_AND_VIVADO_PACKAGE_DATABASE,REV3_AND_VCCO_AND_TIMING_UNVERIFIED,NON_DEPLOYABLE
J11,27,E19,35,3.3V_DOCUMENTED_NOT_MEASURED,LVCMOS33_CANDIDATE,IN,DN_FAULT_N,CONTROL_OR_DATA,OFF_OR_HIGH_Z,EXTERNAL_DEFAULT_OFF_REQUIRES_REVIEW,CENTRAL_3V3_CANDIDATE,J11.27,ALINX_PUBLIC_MANUAL_AND_VIVADO_PACKAGE_DATABASE,REV3_AND_VCCO_AND_TIMING_UNVERIFIED,NON_DEPLOYABLE
J11,28,E18,35,3.3V_DOCUMENTED_NOT_MEASURED,LVCMOS33_CANDIDATE,IN,ADC_DOUT[3],CONTROL_OR_DATA,OFF_OR_HIGH_Z,EXTERNAL_DEFAULT_OFF_REQUIRES_REVIEW,CENTRAL_3V3_CANDIDATE,J11.28,ALINX_PUBLIC_MANUAL_AND_VIVADO_PACKAGE_DATABASE,REV3_AND_VCCO_AND_TIMING_UNVERIFIED,NON_DEPLOYABLE
J11,29,G18,35,3.3V_DOCUMENTED_NOT_MEASURED,LVCMOS33_CANDIDATE,OPEN_DRAIN,MON_I2C_SCL,CONTROL_OR_DATA,OFF_OR_HIGH_Z,EXTERNAL_DEFAULT_OFF_REQUIRES_REVIEW,CENTRAL_3V3_CANDIDATE,J11.29,ALINX_PUBLIC_MANUAL_AND_VIVADO_PACKAGE_DATABASE,REV3_AND_VCCO_AND_TIMING_UNVERIFIED,NON_DEPLOYABLE
J11,30,G17,35,3.3V_DOCUMENTED_NOT_MEASURED,LVCMOS33_CANDIDATE,OPEN_DRAIN,MON_I2C_SDA,CONTROL_OR_DATA,OFF_OR_HIGH_Z,EXTERNAL_DEFAULT_OFF_REQUIRES_REVIEW,CENTRAL_3V3_CANDIDATE,J11.30,ALINX_PUBLIC_MANUAL_AND_VIVADO_PACKAGE_DATABASE,REV3_AND_VCCO_AND_TIMING_UNVERIFIED,NON_DEPLOYABLE
J11,31,H17,35,3.3V_DOCUMENTED_NOT_MEASURED,LVCMOS33_CANDIDATE,IN,ESTOP_OK,CONTROL_OR_DATA,OFF_OR_HIGH_Z,EXTERNAL_DEFAULT_OFF_REQUIRES_REVIEW,CENTRAL_3V3_CANDIDATE,J11.31,ALINX_PUBLIC_MANUAL_AND_VIVADO_PACKAGE_DATABASE,REV3_AND_VCCO_AND_TIMING_UNVERIFIED,NON_DEPLOYABLE
J11,32,H16,35,3.3V_DOCUMENTED_NOT_MEASURED,LVCMOS33_CANDIDATE,OPEN_DRAIN,TEMP_UP_SCL,CONTROL_OR_DATA,OFF_OR_HIGH_Z,EXTERNAL_DEFAULT_OFF_REQUIRES_REVIEW,CENTRAL_3V3_CANDIDATE,J11.32,ALINX_PUBLIC_MANUAL_AND_VIVADO_PACKAGE_DATABASE,REV3_AND_VCCO_AND_TIMING_UNVERIFIED,NON_DEPLOYABLE
J11,33,G15,35,3.3V_DOCUMENTED_NOT_MEASURED,LVCMOS33_CANDIDATE,OPEN_DRAIN,TEMP_UP_SDA,CONTROL_OR_DATA,OFF_OR_HIGH_Z,EXTERNAL_DEFAULT_OFF_REQUIRES_REVIEW,CENTRAL_3V3_CANDIDATE,J11.33,ALINX_PUBLIC_MANUAL_AND_VIVADO_PACKAGE_DATABASE,REV3_AND_VCCO_AND_TIMING_UNVERIFIED,NON_DEPLOYABLE
J11,34,H15,35,3.3V_DOCUMENTED_NOT_MEASURED,LVCMOS33_CANDIDATE,OPEN_DRAIN,TEMP_DN_SCL,CONTROL_OR_DATA,OFF_OR_HIGH_Z,EXTERNAL_DEFAULT_OFF_REQUIRES_REVIEW,CENTRAL_3V3_CANDIDATE,J11.34,ALINX_PUBLIC_MANUAL_AND_VIVADO_PACKAGE_DATABASE,REV3_AND_VCCO_AND_TIMING_UNVERIFIED,NON_DEPLOYABLE
J11,35,J14,35,3.3V_DOCUMENTED_NOT_MEASURED,LVCMOS33_CANDIDATE,OPEN_DRAIN,TEMP_DN_SDA,CONTROL_OR_DATA,OFF_OR_HIGH_Z,EXTERNAL_DEFAULT_OFF_REQUIRES_REVIEW,CENTRAL_3V3_CANDIDATE,J11.35,ALINX_PUBLIC_MANUAL_AND_VIVADO_PACKAGE_DATABASE,REV3_AND_VCCO_AND_TIMING_UNVERIFIED,NON_DEPLOYABLE
J11,36,K14,35,3.3V_DOCUMENTED_NOT_MEASURED,LVCMOS33_CANDIDATE,HIGH_Z,RESERVED,CONTROL_OR_DATA,OFF_OR_HIGH_Z,EXTERNAL_DEFAULT_OFF_REQUIRES_REVIEW,CENTRAL_3V3_CANDIDATE,J11.36,ALINX_PUBLIC_MANUAL_AND_VIVADO_PACKAGE_DATABASE,REV3_AND_VCCO_AND_TIMING_UNVERIFIED,NON_DEPLOYABLE
J11,37,-,,NOT_APPLICABLE,NOT_APPLICABLE,POWER_OR_GROUND,GND,CONTROL_OR_DATA,GROUND,NONE,SIGNAL_GROUND_RETURN_REVIEW,J11.37,ALINX_PUBLIC_MANUAL_AND_VIVADO_PACKAGE_DATABASE,REV3_AND_VCCO_AND_TIMING_UNVERIFIED,NON_DEPLOYABLE
J11,38,-,,NOT_APPLICABLE,NOT_APPLICABLE,POWER_OR_GROUND,GND,CONTROL_OR_DATA,GROUND,NONE,SIGNAL_GROUND_RETURN_REVIEW,J11.38,ALINX_PUBLIC_MANUAL_AND_VIVADO_PACKAGE_DATABASE,REV3_AND_VCCO_AND_TIMING_UNVERIFIED,NON_DEPLOYABLE
J11,39,-,,NOT_APPLICABLE,NOT_APPLICABLE,POWER_OR_GROUND,+3.3V,CONTROL_OR_DATA,POWER_RAIL_NOT_GPIO,NO_PARALLEL_NO_BACKFEED,HEADER_POWER_CONTACT_ISOLATED_AT_CENTRAL,J11.39,ALINX_PUBLIC_MANUAL_AND_VIVADO_PACKAGE_DATABASE,REV3_AND_VCCO_AND_TIMING_UNVERIFIED,NON_DEPLOYABLE
J11,40,-,,NOT_APPLICABLE,NOT_APPLICABLE,POWER_OR_GROUND,+3.3V,CONTROL_OR_DATA,POWER_RAIL_NOT_GPIO,NO_PARALLEL_NO_BACKFEED,HEADER_POWER_CONTACT_ISOLATED_AT_CENTRAL,J11.40,ALINX_PUBLIC_MANUAL_AND_VIVADO_PACKAGE_DATABASE,REV3_AND_VCCO_AND_TIMING_UNVERIFIED,NON_DEPLOYABLE
