source,rated_w,headroom,derating_assumption,allowed_w,total_w,motional_w,status
ARRAY_12V_40W,40.0,0.2,1.0,33.333333333333336,,,HOLD_MISSING_CONTINUOUS_LOAD_AND_TEMPERATURE_DERATING
ARRAY_12V_40W,40.0,0.2,0.8,26.666666666666668,,,HOLD_MISSING_CONTINUOUS_LOAD_AND_TEMPERATURE_DERATING
ARRAY_12V_40W,40.0,0.3,1.0,30.769230769230766,,,HOLD_MISSING_CONTINUOUS_LOAD_AND_TEMPERATURE_DERATING
ARRAY_12V_40W,40.0,0.3,0.8,24.615384615384613,,,HOLD_MISSING_CONTINUOUS_LOAD_AND_TEMPERATURE_DERATING
ARRAY_12V_60W,60.0,0.2,1.0,50.0,,,HOLD_MISSING_CONTINUOUS_LOAD_AND_TEMPERATURE_DERATING
ARRAY_12V_60W,60.0,0.2,0.8,40.0,,,HOLD_MISSING_CONTINUOUS_LOAD_AND_TEMPERATURE_DERATING
ARRAY_12V_60W,60.0,0.3,1.0,46.15384615384615,,,HOLD_MISSING_CONTINUOUS_LOAD_AND_TEMPERATURE_DERATING
ARRAY_12V_60W,60.0,0.3,0.8,36.92307692307692,,,HOLD_MISSING_CONTINUOUS_LOAD_AND_TEMPERATURE_DERATING
CENTRAL_USB_5V3A,15.0,0.2,1.0,12.5,,,HOLD_MISSING_CONTINUOUS_LOAD_AND_TEMPERATURE_DERATING
CENTRAL_USB_5V3A,15.0,0.2,0.8,10.0,,,HOLD_MISSING_CONTINUOUS_LOAD_AND_TEMPERATURE_DERATING
CENTRAL_USB_5V3A,15.0,0.3,1.0,11.538461538461538,,,HOLD_MISSING_CONTINUOUS_LOAD_AND_TEMPERATURE_DERATING
CENTRAL_USB_5V3A,15.0,0.3,0.8,9.23076923076923,,,HOLD_MISSING_CONTINUOUS_LOAD_AND_TEMPERATURE_DERATING
