side,kind,channel,x_mm,y_mm,z_face_mm,normal_z
UP,TX,0,-42,-42,50,-1
UP,TX,1,-30,-42,50,-1
UP,TX,2,-18,-42,50,-1
UP,TX,3,-6,-42,50,-1
UP,TX,4,6,-42,50,-1
UP,TX,5,18,-42,50,-1
UP,TX,6,30,-42,50,-1
UP,TX,7,42,-42,50,-1
UP,TX,8,-42,-30,50,-1
UP,TX,9,-30,-30,50,-1
UP,TX,10,-18,-30,50,-1
UP,TX,11,-6,-30,50,-1
UP,TX,12,6,-30,50,-1
UP,TX,13,18,-30,50,-1
UP,TX,14,30,-30,50,-1
UP,TX,15,42,-30,50,-1
UP,TX,16,-42,-18,50,-1
UP,TX,17,-30,-18,50,-1
UP,TX,18,-18,-18,50,-1
UP,TX,19,-6,-18,50,-1
UP,TX,20,6,-18,50,-1
UP,TX,21,18,-18,50,-1
UP,TX,22,30,-18,50,-1
UP,TX,23,42,-18,50,-1
UP,TX,24,-42,-6,50,-1
UP,TX,25,-30,-6,50,-1
UP,TX,26,-18,-6,50,-1
UP,TX,27,-6,-6,50,-1
UP,TX,28,6,-6,50,-1
UP,TX,29,18,-6,50,-1
UP,TX,30,30,-6,50,-1
UP,TX,31,42,-6,50,-1
UP,TX,32,-42,6,50,-1
UP,TX,33,-30,6,50,-1
UP,TX,34,-18,6,50,-1
UP,TX,35,-6,6,50,-1
UP,TX,36,6,6,50,-1
UP,TX,37,18,6,50,-1
UP,TX,38,30,6,50,-1
UP,TX,39,42,6,50,-1
UP,TX,40,-42,18,50,-1
UP,TX,41,-30,18,50,-1
UP,TX,42,-18,18,50,-1
UP,TX,43,-6,18,50,-1
UP,TX,44,6,18,50,-1
UP,TX,45,18,18,50,-1
UP,TX,46,30,18,50,-1
UP,TX,47,42,18,50,-1
UP,TX,48,-42,30,50,-1
UP,TX,49,-30,30,50,-1
UP,TX,50,-18,30,50,-1
UP,TX,51,-6,30,50,-1
UP,TX,52,6,30,50,-1
UP,TX,53,18,30,50,-1
UP,TX,54,30,30,50,-1
UP,TX,55,42,30,50,-1
UP,TX,56,-42,42,50,-1
UP,TX,57,-30,42,50,-1
UP,TX,58,-18,42,50,-1
UP,TX,59,-6,42,50,-1
UP,TX,60,6,42,50,-1
UP,TX,61,18,42,50,-1
UP,TX,62,30,42,50,-1
UP,TX,63,42,42,50,-1
UP,RX,0,-54,-54,50,-1
UP,RX,1,-54,54,50,-1
UP,RX,2,54,-54,50,-1
UP,RX,3,54,54,50,-1
DN,TX,64,-42,-42,-50,1
DN,TX,65,-30,-42,-50,1
DN,TX,66,-18,-42,-50,1
DN,TX,67,-6,-42,-50,1
DN,TX,68,6,-42,-50,1
DN,TX,69,18,-42,-50,1
DN,TX,70,30,-42,-50,1
DN,TX,71,42,-42,-50,1
DN,TX,72,-42,-30,-50,1
DN,TX,73,-30,-30,-50,1
DN,TX,74,-18,-30,-50,1
DN,TX,75,-6,-30,-50,1
DN,TX,76,6,-30,-50,1
DN,TX,77,18,-30,-50,1
DN,TX,78,30,-30,-50,1
DN,TX,79,42,-30,-50,1
DN,TX,80,-42,-18,-50,1
DN,TX,81,-30,-18,-50,1
DN,TX,82,-18,-18,-50,1
DN,TX,83,-6,-18,-50,1
DN,TX,84,6,-18,-50,1
DN,TX,85,18,-18,-50,1
DN,TX,86,30,-18,-50,1
DN,TX,87,42,-18,-50,1
DN,TX,88,-42,-6,-50,1
DN,TX,89,-30,-6,-50,1
DN,TX,90,-18,-6,-50,1
DN,TX,91,-6,-6,-50,1
DN,TX,92,6,-6,-50,1
DN,TX,93,18,-6,-50,1
DN,TX,94,30,-6,-50,1
DN,TX,95,42,-6,-50,1
DN,TX,96,-42,6,-50,1
DN,TX,97,-30,6,-50,1
DN,TX,98,-18,6,-50,1
DN,TX,99,-6,6,-50,1
DN,TX,100,6,6,-50,1
DN,TX,101,18,6,-50,1
DN,TX,102,30,6,-50,1
DN,TX,103,42,6,-50,1
DN,TX,104,-42,18,-50,1
DN,TX,105,-30,18,-50,1
DN,TX,106,-18,18,-50,1
DN,TX,107,-6,18,-50,1
DN,TX,108,6,18,-50,1
DN,TX,109,18,18,-50,1
DN,TX,110,30,18,-50,1
DN,TX,111,42,18,-50,1
DN,TX,112,-42,30,-50,1
DN,TX,113,-30,30,-50,1
DN,TX,114,-18,30,-50,1
DN,TX,115,-6,30,-50,1
DN,TX,116,6,30,-50,1
DN,TX,117,18,30,-50,1
DN,TX,118,30,30,-50,1
DN,TX,119,42,30,-50,1
DN,TX,120,-42,42,-50,1
DN,TX,121,-30,42,-50,1
DN,TX,122,-18,42,-50,1
DN,TX,123,-6,42,-50,1
DN,TX,124,6,42,-50,1
DN,TX,125,18,42,-50,1
DN,TX,126,30,42,-50,1
DN,TX,127,42,42,-50,1
DN,RX,4,-54,-54,-50,1
DN,RX,5,-54,54,-50,1
DN,RX,6,54,-54,-50,1
DN,RX,7,54,54,-50,1
