component,pin,name,net,status,source
CE_B014_001,1,AVCC,ADC_AVCC5V_FILTERED,DATASHEET_PIN_MAP_PROPOSED_NOT_NATIVE_CAD,ADI Rev.A Table9 pp15-17
CE_B014_001,2,AGND,AGND,DATASHEET_PIN_MAP_PROPOSED_NOT_NATIVE_CAD,ADI Rev.A Table9 pp15-17
CE_B014_001,3,OS0,CENTRAL_3V3,DATASHEET_PIN_MAP_PROPOSED_NOT_NATIVE_CAD,ADI Rev.A Table9 pp15-17
CE_B014_001,4,OS1,CENTRAL_3V3,DATASHEET_PIN_MAP_PROPOSED_NOT_NATIVE_CAD,ADI Rev.A Table9 pp15-17
CE_B014_001,5,OS2,CENTRAL_3V3,DATASHEET_PIN_MAP_PROPOSED_NOT_NATIVE_CAD,ADI Rev.A Table9 pp15-17
CE_B014_001,6,PAR_SER,CENTRAL_3V3,DATASHEET_PIN_MAP_PROPOSED_NOT_NATIVE_CAD,ADI Rev.A Table9 pp15-17
CE_B014_001,7,STBY,CENTRAL_3V3,DATASHEET_PIN_MAP_PROPOSED_NOT_NATIVE_CAD,ADI Rev.A Table9 pp15-17
CE_B014_001,8,RANGE,AGND,DATASHEET_PIN_MAP_PROPOSED_NOT_NATIVE_CAD,ADI Rev.A Table9 pp15-17
CE_B014_001,9,CONVST,ADC_CONVST,DATASHEET_PIN_MAP_PROPOSED_NOT_NATIVE_CAD,ADI Rev.A Table9 pp15-17
CE_B014_001,10,WR,CENTRAL_3V3,DATASHEET_PIN_MAP_PROPOSED_NOT_NATIVE_CAD,ADI Rev.A Table9 pp15-17
CE_B014_001,11,RESET,ADC_RESET,DATASHEET_PIN_MAP_PROPOSED_NOT_NATIVE_CAD,ADI Rev.A Table9 pp15-17
CE_B014_001,12,SCLK,ADC_SCLK,DATASHEET_PIN_MAP_PROPOSED_NOT_NATIVE_CAD,ADI Rev.A Table9 pp15-17
CE_B014_001,13,CS_N,ADC_CS_N,DATASHEET_PIN_MAP_PROPOSED_NOT_NATIVE_CAD,ADI Rev.A Table9 pp15-17
CE_B014_001,14,BUSY,ADC_BUSY,DATASHEET_PIN_MAP_PROPOSED_NOT_NATIVE_CAD,ADI Rev.A Table9 pp15-17
CE_B014_001,15,FRSTDATA,ADC_FRSTDATA,DATASHEET_PIN_MAP_PROPOSED_NOT_NATIVE_CAD,ADI Rev.A Table9 pp15-17
CE_B014_001,16,DB0,AGND,DATASHEET_PIN_MAP_PROPOSED_NOT_NATIVE_CAD,ADI Rev.A Table9 pp15-17
CE_B014_001,17,DB1,AGND,DATASHEET_PIN_MAP_PROPOSED_NOT_NATIVE_CAD,ADI Rev.A Table9 pp15-17
CE_B014_001,18,DB2,AGND,DATASHEET_PIN_MAP_PROPOSED_NOT_NATIVE_CAD,ADI Rev.A Table9 pp15-17
CE_B014_001,19,DB3,NC_UNUSED_DOUT_E,DATASHEET_PIN_MAP_PROPOSED_NOT_NATIVE_CAD,ADI Rev.A Table9 pp15-17
CE_B014_001,20,DB4,NC_UNUSED_DOUT_F,DATASHEET_PIN_MAP_PROPOSED_NOT_NATIVE_CAD,ADI Rev.A Table9 pp15-17
CE_B014_001,21,DB5,NC_UNUSED_DOUT_G,DATASHEET_PIN_MAP_PROPOSED_NOT_NATIVE_CAD,ADI Rev.A Table9 pp15-17
CE_B014_001,22,DB6,NC_UNUSED_DOUT_H,DATASHEET_PIN_MAP_PROPOSED_NOT_NATIVE_CAD,ADI Rev.A Table9 pp15-17
CE_B014_001,23,VDRIVE,CENTRAL_3V3,DATASHEET_PIN_MAP_PROPOSED_NOT_NATIVE_CAD,ADI Rev.A Table9 pp15-17
CE_B014_001,24,DOUTA,ADC_DOUTA,DATASHEET_PIN_MAP_PROPOSED_NOT_NATIVE_CAD,ADI Rev.A Table9 pp15-17
CE_B014_001,25,DOUTB,ADC_DOUTB,DATASHEET_PIN_MAP_PROPOSED_NOT_NATIVE_CAD,ADI Rev.A Table9 pp15-17
CE_B014_001,26,AGND,AGND,DATASHEET_PIN_MAP_PROPOSED_NOT_NATIVE_CAD,ADI Rev.A Table9 pp15-17
CE_B014_001,27,DOUTC,ADC_DOUTC,DATASHEET_PIN_MAP_PROPOSED_NOT_NATIVE_CAD,ADI Rev.A Table9 pp15-17
CE_B014_001,28,DOUTD,ADC_DOUTD,DATASHEET_PIN_MAP_PROPOSED_NOT_NATIVE_CAD,ADI Rev.A Table9 pp15-17
CE_B014_001,29,SDI,ADC_SDI,DATASHEET_PIN_MAP_PROPOSED_NOT_NATIVE_CAD,ADI Rev.A Table9 pp15-17
CE_B014_001,30,DB12,AGND,DATASHEET_PIN_MAP_PROPOSED_NOT_NATIVE_CAD,ADI Rev.A Table9 pp15-17
CE_B014_001,31,DB13,AGND,DATASHEET_PIN_MAP_PROPOSED_NOT_NATIVE_CAD,ADI Rev.A Table9 pp15-17
CE_B014_001,32,DB14,AGND,DATASHEET_PIN_MAP_PROPOSED_NOT_NATIVE_CAD,ADI Rev.A Table9 pp15-17
CE_B014_001,33,DB15,AGND,DATASHEET_PIN_MAP_PROPOSED_NOT_NATIVE_CAD,ADI Rev.A Table9 pp15-17
CE_B014_001,34,REF_SELECT,CENTRAL_3V3,DATASHEET_PIN_MAP_PROPOSED_NOT_NATIVE_CAD,ADI Rev.A Table9 pp15-17
CE_B014_001,35,AGND,AGND,DATASHEET_PIN_MAP_PROPOSED_NOT_NATIVE_CAD,ADI Rev.A Table9 pp15-17
CE_B014_001,36,REGCAP_A,ADC_REGCAP_A,DATASHEET_PIN_MAP_PROPOSED_NOT_NATIVE_CAD,ADI Rev.A Table9 pp15-17
CE_B014_001,37,AVCC,ADC_AVCC5V_FILTERED,DATASHEET_PIN_MAP_PROPOSED_NOT_NATIVE_CAD,ADI Rev.A Table9 pp15-17
CE_B014_001,38,AVCC,ADC_AVCC5V_FILTERED,DATASHEET_PIN_MAP_PROPOSED_NOT_NATIVE_CAD,ADI Rev.A Table9 pp15-17
CE_B014_001,39,REGCAP_D,ADC_REGCAP_D,DATASHEET_PIN_MAP_PROPOSED_NOT_NATIVE_CAD,ADI Rev.A Table9 pp15-17
CE_B014_001,40,AGND,AGND,DATASHEET_PIN_MAP_PROPOSED_NOT_NATIVE_CAD,ADI Rev.A Table9 pp15-17
CE_B014_001,41,AGND,AGND,DATASHEET_PIN_MAP_PROPOSED_NOT_NATIVE_CAD,ADI Rev.A Table9 pp15-17
CE_B014_001,42,REFIN_REFOUT,ADC_REF2V5,DATASHEET_PIN_MAP_PROPOSED_NOT_NATIVE_CAD,ADI Rev.A Table9 pp15-17
CE_B014_001,43,REFGND,AGND,DATASHEET_PIN_MAP_PROPOSED_NOT_NATIVE_CAD,ADI Rev.A Table9 pp15-17
CE_B014_001,44,REFCAPA,ADC_REFCAP4V4,DATASHEET_PIN_MAP_PROPOSED_NOT_NATIVE_CAD,ADI Rev.A Table9 pp15-17
CE_B014_001,45,REFCAPB,ADC_REFCAP4V4,DATASHEET_PIN_MAP_PROPOSED_NOT_NATIVE_CAD,ADI Rev.A Table9 pp15-17
CE_B014_001,46,REFGND,AGND,DATASHEET_PIN_MAP_PROPOSED_NOT_NATIVE_CAD,ADI Rev.A Table9 pp15-17
CE_B014_001,47,AGND,AGND,DATASHEET_PIN_MAP_PROPOSED_NOT_NATIVE_CAD,ADI Rev.A Table9 pp15-17
CE_B014_001,48,AVCC,ADC_AVCC5V_FILTERED,DATASHEET_PIN_MAP_PROPOSED_NOT_NATIVE_CAD,ADI Rev.A Table9 pp15-17
CE_B014_001,49,V1P,RX_0_SIGNAL,DATASHEET_PIN_MAP_PROPOSED_NOT_NATIVE_CAD,ADI Rev.A Table9 pp15-17
CE_B014_001,50,V1N,RX_0_ANALOG_RETURN,DATASHEET_PIN_MAP_PROPOSED_NOT_NATIVE_CAD,ADI Rev.A Table9 pp15-17
CE_B014_001,51,V2P,RX_1_SIGNAL,DATASHEET_PIN_MAP_PROPOSED_NOT_NATIVE_CAD,ADI Rev.A Table9 pp15-17
CE_B014_001,52,V2N,RX_1_ANALOG_RETURN,DATASHEET_PIN_MAP_PROPOSED_NOT_NATIVE_CAD,ADI Rev.A Table9 pp15-17
CE_B014_001,53,V3P,RX_2_SIGNAL,DATASHEET_PIN_MAP_PROPOSED_NOT_NATIVE_CAD,ADI Rev.A Table9 pp15-17
CE_B014_001,54,V3N,RX_2_ANALOG_RETURN,DATASHEET_PIN_MAP_PROPOSED_NOT_NATIVE_CAD,ADI Rev.A Table9 pp15-17
CE_B014_001,55,V4P,RX_3_SIGNAL,DATASHEET_PIN_MAP_PROPOSED_NOT_NATIVE_CAD,ADI Rev.A Table9 pp15-17
CE_B014_001,56,V4N,RX_3_ANALOG_RETURN,DATASHEET_PIN_MAP_PROPOSED_NOT_NATIVE_CAD,ADI Rev.A Table9 pp15-17
CE_B014_001,57,V5P,RX_4_SIGNAL,DATASHEET_PIN_MAP_PROPOSED_NOT_NATIVE_CAD,ADI Rev.A Table9 pp15-17
CE_B014_001,58,V5N,RX_4_ANALOG_RETURN,DATASHEET_PIN_MAP_PROPOSED_NOT_NATIVE_CAD,ADI Rev.A Table9 pp15-17
CE_B014_001,59,V6P,RX_5_SIGNAL,DATASHEET_PIN_MAP_PROPOSED_NOT_NATIVE_CAD,ADI Rev.A Table9 pp15-17
CE_B014_001,60,V6N,RX_5_ANALOG_RETURN,DATASHEET_PIN_MAP_PROPOSED_NOT_NATIVE_CAD,ADI Rev.A Table9 pp15-17
CE_B014_001,61,V7P,RX_6_SIGNAL,DATASHEET_PIN_MAP_PROPOSED_NOT_NATIVE_CAD,ADI Rev.A Table9 pp15-17
CE_B014_001,62,V7N,RX_6_ANALOG_RETURN,DATASHEET_PIN_MAP_PROPOSED_NOT_NATIVE_CAD,ADI Rev.A Table9 pp15-17
CE_B014_001,63,V8P,RX_7_SIGNAL,DATASHEET_PIN_MAP_PROPOSED_NOT_NATIVE_CAD,ADI Rev.A Table9 pp15-17
CE_B014_001,64,V8N,RX_7_ANALOG_RETURN,DATASHEET_PIN_MAP_PROPOSED_NOT_NATIVE_CAD,ADI Rev.A Table9 pp15-17
