startpoint	endpoint	slack	delay	logic_levels
native_system/digital/carrier_acc_reg[7]/C	native_system/digital/serial/bit_index_reg[0]/CE	-8.128	15.451	24
native_system/digital/carrier_acc_reg[7]/C	native_system/digital/serial/bit_index_reg[10]/CE	-8.128	15.451	24
native_system/digital/carrier_acc_reg[7]/C	native_system/digital/serial/bit_index_reg[11]/CE	-8.128	15.451	24
native_system/digital/carrier_acc_reg[7]/C	native_system/digital/serial/bit_index_reg[12]/CE	-8.128	15.451	24
native_system/digital/carrier_acc_reg[7]/C	native_system/digital/serial/bit_index_reg[13]/CE	-8.128	15.451	24
native_system/digital/carrier_acc_reg[7]/C	native_system/digital/serial/bit_index_reg[14]/CE	-8.128	15.451	24
native_system/digital/carrier_acc_reg[7]/C	native_system/digital/serial/bit_index_reg[15]/CE	-8.128	15.451	24
native_system/digital/carrier_acc_reg[7]/C	native_system/digital/serial/bit_index_reg[16]/CE	-8.128	15.451	24
native_system/digital/carrier_acc_reg[7]/C	native_system/digital/serial/bit_index_reg[17]/CE	-8.128	15.451	24
native_system/digital/carrier_acc_reg[7]/C	native_system/digital/serial/bit_index_reg[18]/CE	-8.128	15.451	24
native_system/digital/carrier_acc_reg[7]/C	native_system/digital/serial/bit_index_reg[19]/CE	-8.128	15.451	24
native_system/digital/carrier_acc_reg[7]/C	native_system/digital/serial/bit_index_reg[1]/CE	-8.128	15.451	24
native_system/digital/carrier_acc_reg[7]/C	native_system/digital/serial/bit_index_reg[20]/CE	-8.128	15.451	24
native_system/digital/carrier_acc_reg[7]/C	native_system/digital/serial/bit_index_reg[21]/CE	-8.128	15.451	24
native_system/digital/carrier_acc_reg[7]/C	native_system/digital/serial/bit_index_reg[22]/CE	-8.128	15.451	24
native_system/digital/carrier_acc_reg[7]/C	native_system/digital/serial/bit_index_reg[23]/CE	-8.128	15.451	24
native_system/digital/carrier_acc_reg[7]/C	native_system/digital/serial/bit_index_reg[24]/CE	-8.128	15.451	24
native_system/digital/carrier_acc_reg[7]/C	native_system/digital/serial/bit_index_reg[25]/CE	-8.128	15.451	24
native_system/digital/carrier_acc_reg[7]/C	native_system/digital/serial/bit_index_reg[26]/CE	-8.128	15.451	24
native_system/digital/carrier_acc_reg[7]/C	native_system/digital/serial/bit_index_reg[27]/CE	-8.128	15.451	24
native_system/digital/carrier_acc_reg[7]/C	native_system/digital/serial/bit_index_reg[28]/CE	-8.128	15.451	24
native_system/digital/carrier_acc_reg[7]/C	native_system/digital/serial/bit_index_reg[29]/CE	-8.128	15.451	24
native_system/digital/carrier_acc_reg[7]/C	native_system/digital/serial/bit_index_reg[2]/CE	-8.128	15.451	24
native_system/digital/carrier_acc_reg[7]/C	native_system/digital/serial/bit_index_reg[30]/CE	-8.128	15.451	24
native_system/digital/carrier_acc_reg[7]/C	native_system/digital/serial/bit_index_reg[31]/CE	-8.128	15.451	24
native_system/digital/carrier_acc_reg[7]/C	native_system/digital/serial/bit_index_reg[3]/CE	-8.128	15.451	24
native_system/digital/carrier_acc_reg[7]/C	native_system/digital/serial/bit_index_reg[4]/CE	-8.128	15.451	24
native_system/digital/carrier_acc_reg[7]/C	native_system/digital/serial/bit_index_reg[5]/CE	-8.128	15.451	24
native_system/digital/carrier_acc_reg[7]/C	native_system/digital/serial/bit_index_reg[6]/CE	-8.128	15.451	24
native_system/digital/carrier_acc_reg[7]/C	native_system/digital/serial/bit_index_reg[7]/CE	-8.128	15.451	24
native_system/digital/carrier_acc_reg[7]/C	native_system/digital/serial/bit_index_reg[8]/CE	-8.128	15.451	24
native_system/digital/carrier_acc_reg[7]/C	native_system/digital/serial/bit_index_reg[9]/CE	-8.128	15.451	24
native_system/digital/carrier_acc_reg[7]/C	native_system/digital/serial/serial_data_reg[0]/CE	-8.128	15.451	24
native_system/digital/carrier_acc_reg[7]/C	native_system/digital/serial/serial_data_reg[10]/CE	-8.128	15.451	24
native_system/digital/carrier_acc_reg[7]/C	native_system/digital/serial/serial_data_reg[11]/CE	-8.128	15.451	24
native_system/digital/carrier_acc_reg[7]/C	native_system/digital/serial/serial_data_reg[12]/CE	-8.128	15.451	24
native_system/digital/carrier_acc_reg[7]/C	native_system/digital/serial/serial_data_reg[13]/CE	-8.128	15.451	24
native_system/digital/carrier_acc_reg[7]/C	native_system/digital/serial/serial_data_reg[14]/CE	-8.128	15.451	24
native_system/digital/carrier_acc_reg[7]/C	native_system/digital/serial/serial_data_reg[15]/CE	-8.128	15.451	24
native_system/digital/carrier_acc_reg[7]/C	native_system/digital/serial/serial_data_reg[16]/CE	-8.128	15.451	24
native_system/digital/carrier_acc_reg[7]/C	native_system/digital/serial/serial_data_reg[17]/CE	-8.128	15.451	24
native_system/digital/carrier_acc_reg[7]/C	native_system/digital/serial/serial_data_reg[18]/CE	-8.128	15.451	24
native_system/digital/carrier_acc_reg[7]/C	native_system/digital/serial/serial_data_reg[19]/CE	-8.128	15.451	24
native_system/digital/carrier_acc_reg[7]/C	native_system/digital/serial/serial_data_reg[1]/CE	-8.128	15.451	24
native_system/digital/carrier_acc_reg[7]/C	native_system/digital/serial/serial_data_reg[20]/CE	-8.128	15.451	24
native_system/digital/carrier_acc_reg[7]/C	native_system/digital/serial/serial_data_reg[21]/CE	-8.128	15.451	24
native_system/digital/carrier_acc_reg[7]/C	native_system/digital/serial/serial_data_reg[22]/CE	-8.128	15.451	24
native_system/digital/carrier_acc_reg[7]/C	native_system/digital/serial/serial_data_reg[23]/CE	-8.128	15.451	24
native_system/digital/carrier_acc_reg[7]/C	native_system/digital/serial/serial_data_reg[24]/CE	-8.128	15.451	24
native_system/digital/carrier_acc_reg[7]/C	native_system/digital/serial/serial_data_reg[25]/CE	-8.128	15.451	24
native_system/digital/carrier_acc_reg[7]/C	native_system/digital/serial/serial_data_reg[26]/CE	-8.128	15.451	24
native_system/digital/carrier_acc_reg[7]/C	native_system/digital/serial/serial_data_reg[27]/CE	-8.128	15.451	24
native_system/digital/carrier_acc_reg[7]/C	native_system/digital/serial/serial_data_reg[28]/CE	-8.128	15.451	24
native_system/digital/carrier_acc_reg[7]/C	native_system/digital/serial/serial_data_reg[29]/CE	-8.128	15.451	24
native_system/digital/carrier_acc_reg[7]/C	native_system/digital/serial/serial_data_reg[2]/CE	-8.128	15.451	24
native_system/digital/carrier_acc_reg[7]/C	native_system/digital/serial/serial_data_reg[30]/CE	-8.128	15.451	24
native_system/digital/carrier_acc_reg[7]/C	native_system/digital/serial/serial_data_reg[31]/CE	-8.128	15.451	24
native_system/digital/carrier_acc_reg[7]/C	native_system/digital/serial/serial_data_reg[3]/CE	-8.128	15.451	24
native_system/digital/carrier_acc_reg[7]/C	native_system/digital/serial/serial_data_reg[4]/CE	-8.128	15.451	24
native_system/digital/carrier_acc_reg[7]/C	native_system/digital/serial/serial_data_reg[5]/CE	-8.128	15.451	24
native_system/digital/carrier_acc_reg[7]/C	native_system/digital/serial/serial_data_reg[6]/CE	-8.128	15.451	24
native_system/digital/carrier_acc_reg[7]/C	native_system/digital/serial/serial_data_reg[7]/CE	-8.128	15.451	24
native_system/digital/carrier_acc_reg[7]/C	native_system/digital/serial/serial_data_reg[8]/CE	-8.128	15.451	24
native_system/digital/carrier_acc_reg[7]/C	native_system/digital/serial/serial_data_reg[9]/CE	-8.128	15.451	24
native_system/digital/carrier_acc_reg[7]/C	native_system/digital/serial/FSM_onehot_state_reg[0]/CE	-8.064	15.387	24
native_system/digital/carrier_acc_reg[7]/C	native_system/digital/serial/FSM_onehot_state_reg[1]/CE	-8.064	15.387	24
native_system/digital/carrier_acc_reg[7]/C	native_system/digital/serial/FSM_onehot_state_reg[2]/CE	-8.064	15.387	24
native_system/digital/carrier_acc_reg[7]/C	native_system/digital/serial/FSM_onehot_state_reg[3]/CE	-8.064	15.387	24
native_system/digital/burst/accumulator_reg[11]/C	native_system/digital/serial/serial_data_reg[0]/D	-7.911	15.480	24
native_system/digital/burst/accumulator_reg[11]/C	native_system/digital/serial/serial_data_reg[10]/D	-7.911	15.480	24
native_system/digital/burst/accumulator_reg[11]/C	native_system/digital/serial/serial_data_reg[11]/D	-7.911	15.480	24
native_system/digital/burst/accumulator_reg[11]/C	native_system/digital/serial/serial_data_reg[12]/D	-7.911	15.480	24
native_system/digital/burst/accumulator_reg[11]/C	native_system/digital/serial/serial_data_reg[13]/D	-7.911	15.480	24
native_system/digital/burst/accumulator_reg[11]/C	native_system/digital/serial/serial_data_reg[14]/D	-7.911	15.480	24
native_system/digital/burst/accumulator_reg[11]/C	native_system/digital/serial/serial_data_reg[15]/D	-7.911	15.480	24
native_system/digital/burst/accumulator_reg[11]/C	native_system/digital/serial/serial_data_reg[16]/D	-7.911	15.480	24
native_system/digital/burst/accumulator_reg[11]/C	native_system/digital/serial/serial_data_reg[17]/D	-7.911	15.480	24
native_system/digital/burst/accumulator_reg[11]/C	native_system/digital/serial/serial_data_reg[18]/D	-7.911	15.480	24
native_system/digital/burst/accumulator_reg[11]/C	native_system/digital/serial/serial_data_reg[19]/D	-7.911	15.480	24
native_system/digital/burst/accumulator_reg[11]/C	native_system/digital/serial/serial_data_reg[1]/D	-7.911	15.480	24
native_system/digital/burst/accumulator_reg[11]/C	native_system/digital/serial/serial_data_reg[20]/D	-7.911	15.480	24
native_system/digital/burst/accumulator_reg[11]/C	native_system/digital/serial/serial_data_reg[21]/D	-7.911	15.480	24
native_system/digital/burst/accumulator_reg[11]/C	native_system/digital/serial/serial_data_reg[22]/D	-7.911	15.480	24
native_system/digital/burst/accumulator_reg[11]/C	native_system/digital/serial/serial_data_reg[23]/D	-7.911	15.480	24
native_system/digital/burst/accumulator_reg[11]/C	native_system/digital/serial/serial_data_reg[24]/D	-7.911	15.480	24
native_system/digital/burst/accumulator_reg[11]/C	native_system/digital/serial/serial_data_reg[25]/D	-7.911	15.480	24
native_system/digital/burst/accumulator_reg[11]/C	native_system/digital/serial/serial_data_reg[26]/D	-7.911	15.480	24
native_system/digital/burst/accumulator_reg[11]/C	native_system/digital/serial/serial_data_reg[27]/D	-7.911	15.480	24
native_system/digital/burst/accumulator_reg[11]/C	native_system/digital/serial/serial_data_reg[28]/D	-7.911	15.480	24
native_system/digital/burst/accumulator_reg[11]/C	native_system/digital/serial/serial_data_reg[29]/D	-7.911	15.480	24
native_system/digital/burst/accumulator_reg[11]/C	native_system/digital/serial/serial_data_reg[2]/D	-7.911	15.480	24
native_system/digital/burst/accumulator_reg[11]/C	native_system/digital/serial/serial_data_reg[30]/D	-7.911	15.480	24
native_system/digital/burst/accumulator_reg[11]/C	native_system/digital/serial/serial_data_reg[31]/D	-7.911	15.480	24
native_system/digital/burst/accumulator_reg[11]/C	native_system/digital/serial/serial_data_reg[3]/D	-7.911	15.480	24
native_system/digital/burst/accumulator_reg[11]/C	native_system/digital/serial/serial_data_reg[4]/D	-7.911	15.480	24
native_system/digital/burst/accumulator_reg[11]/C	native_system/digital/serial/serial_data_reg[5]/D	-7.911	15.480	24
native_system/digital/burst/accumulator_reg[11]/C	native_system/digital/serial/serial_data_reg[6]/D	-7.911	15.480	24
native_system/digital/burst/accumulator_reg[11]/C	native_system/digital/serial/serial_data_reg[7]/D	-7.911	15.480	24
native_system/digital/burst/accumulator_reg[11]/C	native_system/digital/serial/serial_data_reg[8]/D	-7.911	15.480	24
native_system/digital/burst/accumulator_reg[11]/C	native_system/digital/serial/serial_data_reg[9]/D	-7.911	15.480	24
native_system/digital/carrier_acc_reg[7]/C	native_system/digital/serial/captured_reg[0]/CE	-7.467	14.790	23
native_system/digital/carrier_acc_reg[7]/C	native_system/digital/serial/captured_reg[100]/CE	-7.467	14.790	23
native_system/digital/carrier_acc_reg[7]/C	native_system/digital/serial/captured_reg[101]/CE	-7.467	14.790	23
native_system/digital/carrier_acc_reg[7]/C	native_system/digital/serial/captured_reg[102]/CE	-7.467	14.790	23
native_system/digital/carrier_acc_reg[7]/C	native_system/digital/serial/captured_reg[103]/CE	-7.467	14.790	23
native_system/digital/carrier_acc_reg[7]/C	native_system/digital/serial/captured_reg[104]/CE	-7.467	14.790	23
native_system/digital/carrier_acc_reg[7]/C	native_system/digital/serial/captured_reg[105]/CE	-7.467	14.790	23
native_system/digital/carrier_acc_reg[7]/C	native_system/digital/serial/captured_reg[106]/CE	-7.467	14.790	23
native_system/digital/carrier_acc_reg[7]/C	native_system/digital/serial/captured_reg[107]/CE	-7.467	14.790	23
native_system/digital/carrier_acc_reg[7]/C	native_system/digital/serial/captured_reg[108]/CE	-7.467	14.790	23
native_system/digital/carrier_acc_reg[7]/C	native_system/digital/serial/captured_reg[109]/CE	-7.467	14.790	23
native_system/digital/carrier_acc_reg[7]/C	native_system/digital/serial/captured_reg[10]/CE	-7.467	14.790	23
native_system/digital/carrier_acc_reg[7]/C	native_system/digital/serial/captured_reg[110]/CE	-7.467	14.790	23
native_system/digital/carrier_acc_reg[7]/C	native_system/digital/serial/captured_reg[111]/CE	-7.467	14.790	23
native_system/digital/carrier_acc_reg[7]/C	native_system/digital/serial/captured_reg[112]/CE	-7.467	14.790	23
native_system/digital/carrier_acc_reg[7]/C	native_system/digital/serial/captured_reg[113]/CE	-7.467	14.790	23
native_system/digital/carrier_acc_reg[7]/C	native_system/digital/serial/captured_reg[114]/CE	-7.467	14.790	23
native_system/digital/carrier_acc_reg[7]/C	native_system/digital/serial/captured_reg[115]/CE	-7.467	14.790	23
native_system/digital/carrier_acc_reg[7]/C	native_system/digital/serial/captured_reg[116]/CE	-7.467	14.790	23
native_system/digital/carrier_acc_reg[7]/C	native_system/digital/serial/captured_reg[117]/CE	-7.467	14.790	23
native_system/digital/carrier_acc_reg[7]/C	native_system/digital/serial/captured_reg[118]/CE	-7.467	14.790	23
native_system/digital/carrier_acc_reg[7]/C	native_system/digital/serial/captured_reg[119]/CE	-7.467	14.790	23
native_system/digital/carrier_acc_reg[7]/C	native_system/digital/serial/captured_reg[11]/CE	-7.467	14.790	23
native_system/digital/carrier_acc_reg[7]/C	native_system/digital/serial/captured_reg[120]/CE	-7.467	14.790	23
native_system/digital/carrier_acc_reg[7]/C	native_system/digital/serial/captured_reg[121]/CE	-7.467	14.790	23
native_system/digital/carrier_acc_reg[7]/C	native_system/digital/serial/captured_reg[122]/CE	-7.467	14.790	23
native_system/digital/carrier_acc_reg[7]/C	native_system/digital/serial/captured_reg[123]/CE	-7.467	14.790	23
native_system/digital/carrier_acc_reg[7]/C	native_system/digital/serial/captured_reg[124]/CE	-7.467	14.790	23
native_system/digital/carrier_acc_reg[7]/C	native_system/digital/serial/captured_reg[125]/CE	-7.467	14.790	23
native_system/digital/carrier_acc_reg[7]/C	native_system/digital/serial/captured_reg[126]/CE	-7.467	14.790	23
native_system/digital/carrier_acc_reg[7]/C	native_system/digital/serial/captured_reg[127]/CE	-7.467	14.790	23
native_system/digital/carrier_acc_reg[7]/C	native_system/digital/serial/captured_reg[12]/CE	-7.467	14.790	23
native_system/digital/carrier_acc_reg[7]/C	native_system/digital/serial/captured_reg[13]/CE	-7.467	14.790	23
native_system/digital/carrier_acc_reg[7]/C	native_system/digital/serial/captured_reg[14]/CE	-7.467	14.790	23
native_system/digital/carrier_acc_reg[7]/C	native_system/digital/serial/captured_reg[15]/CE	-7.467	14.790	23
native_system/digital/carrier_acc_reg[7]/C	native_system/digital/serial/captured_reg[16]/CE	-7.467	14.790	23
native_system/digital/carrier_acc_reg[7]/C	native_system/digital/serial/captured_reg[17]/CE	-7.467	14.790	23
native_system/digital/carrier_acc_reg[7]/C	native_system/digital/serial/captured_reg[18]/CE	-7.467	14.790	23
native_system/digital/carrier_acc_reg[7]/C	native_system/digital/serial/captured_reg[19]/CE	-7.467	14.790	23
native_system/digital/carrier_acc_reg[7]/C	native_system/digital/serial/captured_reg[1]/CE	-7.467	14.790	23
native_system/digital/carrier_acc_reg[7]/C	native_system/digital/serial/captured_reg[20]/CE	-7.467	14.790	23
native_system/digital/carrier_acc_reg[7]/C	native_system/digital/serial/captured_reg[21]/CE	-7.467	14.790	23
native_system/digital/carrier_acc_reg[7]/C	native_system/digital/serial/captured_reg[22]/CE	-7.467	14.790	23
native_system/digital/carrier_acc_reg[7]/C	native_system/digital/serial/captured_reg[23]/CE	-7.467	14.790	23
native_system/digital/carrier_acc_reg[7]/C	native_system/digital/serial/captured_reg[24]/CE	-7.467	14.790	23
native_system/digital/carrier_acc_reg[7]/C	native_system/digital/serial/captured_reg[25]/CE	-7.467	14.790	23
native_system/digital/carrier_acc_reg[7]/C	native_system/digital/serial/captured_reg[26]/CE	-7.467	14.790	23
native_system/digital/carrier_acc_reg[7]/C	native_system/digital/serial/captured_reg[27]/CE	-7.467	14.790	23
native_system/digital/carrier_acc_reg[7]/C	native_system/digital/serial/captured_reg[28]/CE	-7.467	14.790	23
native_system/digital/carrier_acc_reg[7]/C	native_system/digital/serial/captured_reg[29]/CE	-7.467	14.790	23
native_system/digital/carrier_acc_reg[7]/C	native_system/digital/serial/captured_reg[2]/CE	-7.467	14.790	23
native_system/digital/carrier_acc_reg[7]/C	native_system/digital/serial/captured_reg[30]/CE	-7.467	14.790	23
native_system/digital/carrier_acc_reg[7]/C	native_system/digital/serial/captured_reg[31]/CE	-7.467	14.790	23
native_system/digital/carrier_acc_reg[7]/C	native_system/digital/serial/captured_reg[32]/CE	-7.467	14.790	23
native_system/digital/carrier_acc_reg[7]/C	native_system/digital/serial/captured_reg[33]/CE	-7.467	14.790	23
native_system/digital/carrier_acc_reg[7]/C	native_system/digital/serial/captured_reg[34]/CE	-7.467	14.790	23
native_system/digital/carrier_acc_reg[7]/C	native_system/digital/serial/captured_reg[35]/CE	-7.467	14.790	23
native_system/digital/carrier_acc_reg[7]/C	native_system/digital/serial/captured_reg[36]/CE	-7.467	14.790	23
native_system/digital/carrier_acc_reg[7]/C	native_system/digital/serial/captured_reg[37]/CE	-7.467	14.790	23
native_system/digital/carrier_acc_reg[7]/C	native_system/digital/serial/captured_reg[38]/CE	-7.467	14.790	23
native_system/digital/carrier_acc_reg[7]/C	native_system/digital/serial/captured_reg[39]/CE	-7.467	14.790	23
native_system/digital/carrier_acc_reg[7]/C	native_system/digital/serial/captured_reg[3]/CE	-7.467	14.790	23
native_system/digital/carrier_acc_reg[7]/C	native_system/digital/serial/captured_reg[40]/CE	-7.467	14.790	23
native_system/digital/carrier_acc_reg[7]/C	native_system/digital/serial/captured_reg[41]/CE	-7.467	14.790	23
native_system/digital/carrier_acc_reg[7]/C	native_system/digital/serial/captured_reg[42]/CE	-7.467	14.790	23
native_system/digital/carrier_acc_reg[7]/C	native_system/digital/serial/captured_reg[43]/CE	-7.467	14.790	23
native_system/digital/carrier_acc_reg[7]/C	native_system/digital/serial/captured_reg[44]/CE	-7.467	14.790	23
native_system/digital/carrier_acc_reg[7]/C	native_system/digital/serial/captured_reg[45]/CE	-7.467	14.790	23
native_system/digital/carrier_acc_reg[7]/C	native_system/digital/serial/captured_reg[46]/CE	-7.467	14.790	23
native_system/digital/carrier_acc_reg[7]/C	native_system/digital/serial/captured_reg[47]/CE	-7.467	14.790	23
native_system/digital/carrier_acc_reg[7]/C	native_system/digital/serial/captured_reg[48]/CE	-7.467	14.790	23
native_system/digital/carrier_acc_reg[7]/C	native_system/digital/serial/captured_reg[49]/CE	-7.467	14.790	23
native_system/digital/carrier_acc_reg[7]/C	native_system/digital/serial/captured_reg[4]/CE	-7.467	14.790	23
native_system/digital/carrier_acc_reg[7]/C	native_system/digital/serial/captured_reg[50]/CE	-7.467	14.790	23
native_system/digital/carrier_acc_reg[7]/C	native_system/digital/serial/captured_reg[51]/CE	-7.467	14.790	23
native_system/digital/carrier_acc_reg[7]/C	native_system/digital/serial/captured_reg[52]/CE	-7.467	14.790	23
native_system/digital/carrier_acc_reg[7]/C	native_system/digital/serial/captured_reg[53]/CE	-7.467	14.790	23
native_system/digital/carrier_acc_reg[7]/C	native_system/digital/serial/captured_reg[54]/CE	-7.467	14.790	23
native_system/digital/carrier_acc_reg[7]/C	native_system/digital/serial/captured_reg[55]/CE	-7.467	14.790	23
native_system/digital/carrier_acc_reg[7]/C	native_system/digital/serial/captured_reg[56]/CE	-7.467	14.790	23
native_system/digital/carrier_acc_reg[7]/C	native_system/digital/serial/captured_reg[57]/CE	-7.467	14.790	23
native_system/digital/carrier_acc_reg[7]/C	native_system/digital/serial/captured_reg[58]/CE	-7.467	14.790	23
native_system/digital/carrier_acc_reg[7]/C	native_system/digital/serial/captured_reg[59]/CE	-7.467	14.790	23
native_system/digital/carrier_acc_reg[7]/C	native_system/digital/serial/captured_reg[5]/CE	-7.467	14.790	23
native_system/digital/carrier_acc_reg[7]/C	native_system/digital/serial/captured_reg[60]/CE	-7.467	14.790	23
native_system/digital/carrier_acc_reg[7]/C	native_system/digital/serial/captured_reg[61]/CE	-7.467	14.790	23
native_system/digital/carrier_acc_reg[7]/C	native_system/digital/serial/captured_reg[62]/CE	-7.467	14.790	23
native_system/digital/carrier_acc_reg[7]/C	native_system/digital/serial/captured_reg[63]/CE	-7.467	14.790	23
native_system/digital/carrier_acc_reg[7]/C	native_system/digital/serial/captured_reg[64]/CE	-7.467	14.790	23
native_system/digital/carrier_acc_reg[7]/C	native_system/digital/serial/captured_reg[65]/CE	-7.467	14.790	23
native_system/digital/carrier_acc_reg[7]/C	native_system/digital/serial/captured_reg[66]/CE	-7.467	14.790	23
native_system/digital/carrier_acc_reg[7]/C	native_system/digital/serial/captured_reg[67]/CE	-7.467	14.790	23
native_system/digital/carrier_acc_reg[7]/C	native_system/digital/serial/captured_reg[68]/CE	-7.467	14.790	23
native_system/digital/carrier_acc_reg[7]/C	native_system/digital/serial/captured_reg[69]/CE	-7.467	14.790	23
native_system/digital/carrier_acc_reg[7]/C	native_system/digital/serial/captured_reg[6]/CE	-7.467	14.790	23
native_system/digital/carrier_acc_reg[7]/C	native_system/digital/serial/captured_reg[70]/CE	-7.467	14.790	23
native_system/digital/carrier_acc_reg[7]/C	native_system/digital/serial/captured_reg[71]/CE	-7.467	14.790	23
native_system/digital/carrier_acc_reg[7]/C	native_system/digital/serial/captured_reg[72]/CE	-7.467	14.790	23
native_system/digital/carrier_acc_reg[7]/C	native_system/digital/serial/captured_reg[73]/CE	-7.467	14.790	23
native_system/digital/carrier_acc_reg[7]/C	native_system/digital/serial/captured_reg[74]/CE	-7.467	14.790	23
native_system/digital/carrier_acc_reg[7]/C	native_system/digital/serial/captured_reg[75]/CE	-7.467	14.790	23
native_system/digital/carrier_acc_reg[7]/C	native_system/digital/serial/captured_reg[76]/CE	-7.467	14.790	23
native_system/digital/carrier_acc_reg[7]/C	native_system/digital/serial/captured_reg[77]/CE	-7.467	14.790	23
native_system/digital/carrier_acc_reg[7]/C	native_system/digital/serial/captured_reg[78]/CE	-7.467	14.790	23
native_system/digital/carrier_acc_reg[7]/C	native_system/digital/serial/captured_reg[79]/CE	-7.467	14.790	23
native_system/digital/carrier_acc_reg[7]/C	native_system/digital/serial/captured_reg[7]/CE	-7.467	14.790	23
native_system/digital/carrier_acc_reg[7]/C	native_system/digital/serial/captured_reg[80]/CE	-7.467	14.790	23
native_system/digital/carrier_acc_reg[7]/C	native_system/digital/serial/captured_reg[81]/CE	-7.467	14.790	23
native_system/digital/carrier_acc_reg[7]/C	native_system/digital/serial/captured_reg[82]/CE	-7.467	14.790	23
native_system/digital/carrier_acc_reg[7]/C	native_system/digital/serial/captured_reg[83]/CE	-7.467	14.790	23
native_system/digital/carrier_acc_reg[7]/C	native_system/digital/serial/captured_reg[84]/CE	-7.467	14.790	23
native_system/digital/carrier_acc_reg[7]/C	native_system/digital/serial/captured_reg[85]/CE	-7.467	14.790	23
native_system/digital/carrier_acc_reg[7]/C	native_system/digital/serial/captured_reg[86]/CE	-7.467	14.790	23
native_system/digital/carrier_acc_reg[7]/C	native_system/digital/serial/captured_reg[87]/CE	-7.467	14.790	23
native_system/digital/carrier_acc_reg[7]/C	native_system/digital/serial/captured_reg[88]/CE	-7.467	14.790	23
native_system/digital/carrier_acc_reg[7]/C	native_system/digital/serial/captured_reg[89]/CE	-7.467	14.790	23
native_system/digital/carrier_acc_reg[7]/C	native_system/digital/serial/captured_reg[8]/CE	-7.467	14.790	23
native_system/digital/carrier_acc_reg[7]/C	native_system/digital/serial/captured_reg[90]/CE	-7.467	14.790	23
native_system/digital/carrier_acc_reg[7]/C	native_system/digital/serial/captured_reg[91]/CE	-7.467	14.790	23
native_system/digital/carrier_acc_reg[7]/C	native_system/digital/serial/captured_reg[92]/CE	-7.467	14.790	23
native_system/digital/carrier_acc_reg[7]/C	native_system/digital/serial/captured_reg[93]/CE	-7.467	14.790	23
native_system/digital/carrier_acc_reg[7]/C	native_system/digital/serial/captured_reg[94]/CE	-7.467	14.790	23
native_system/digital/carrier_acc_reg[7]/C	native_system/digital/serial/captured_reg[95]/CE	-7.467	14.790	23
native_system/digital/carrier_acc_reg[7]/C	native_system/digital/serial/captured_reg[96]/CE	-7.467	14.790	23
native_system/digital/carrier_acc_reg[7]/C	native_system/digital/serial/captured_reg[97]/CE	-7.467	14.790	23
native_system/digital/carrier_acc_reg[7]/C	native_system/digital/serial/captured_reg[98]/CE	-7.467	14.790	23
native_system/digital/carrier_acc_reg[7]/C	native_system/digital/serial/captured_reg[99]/CE	-7.467	14.790	23
native_system/digital/carrier_acc_reg[7]/C	native_system/digital/serial/captured_reg[9]/CE	-7.467	14.790	23
native_system/digital/burst/accumulator_reg[11]/C	native_system/digital/serial/captured_reg[0]/D	-7.327	14.896	23
native_system/digital/burst/accumulator_reg[11]/C	native_system/digital/serial/captured_reg[100]/D	-7.327	14.896	23
native_system/digital/burst/accumulator_reg[11]/C	native_system/digital/serial/captured_reg[101]/D	-7.327	14.896	23
native_system/digital/burst/accumulator_reg[11]/C	native_system/digital/serial/captured_reg[102]/D	-7.327	14.896	23
native_system/digital/burst/accumulator_reg[11]/C	native_system/digital/serial/captured_reg[103]/D	-7.327	14.896	23
native_system/digital/burst/accumulator_reg[11]/C	native_system/digital/serial/captured_reg[104]/D	-7.327	14.896	23
native_system/digital/burst/accumulator_reg[11]/C	native_system/digital/serial/captured_reg[105]/D	-7.327	14.896	23
native_system/digital/burst/accumulator_reg[11]/C	native_system/digital/serial/captured_reg[106]/D	-7.327	14.896	23
native_system/digital/burst/accumulator_reg[11]/C	native_system/digital/serial/captured_reg[107]/D	-7.327	14.896	23
native_system/digital/burst/accumulator_reg[11]/C	native_system/digital/serial/captured_reg[108]/D	-7.327	14.896	23
native_system/digital/burst/accumulator_reg[11]/C	native_system/digital/serial/captured_reg[109]/D	-7.327	14.896	23
native_system/digital/burst/accumulator_reg[11]/C	native_system/digital/serial/captured_reg[10]/D	-7.327	14.896	23
native_system/digital/burst/accumulator_reg[11]/C	native_system/digital/serial/captured_reg[110]/D	-7.327	14.896	23
native_system/digital/burst/accumulator_reg[11]/C	native_system/digital/serial/captured_reg[111]/D	-7.327	14.896	23
native_system/digital/burst/accumulator_reg[11]/C	native_system/digital/serial/captured_reg[112]/D	-7.327	14.896	23
native_system/digital/burst/accumulator_reg[11]/C	native_system/digital/serial/captured_reg[113]/D	-7.327	14.896	23
native_system/digital/burst/accumulator_reg[11]/C	native_system/digital/serial/captured_reg[114]/D	-7.327	14.896	23
native_system/digital/burst/accumulator_reg[11]/C	native_system/digital/serial/captured_reg[115]/D	-7.327	14.896	23
native_system/digital/burst/accumulator_reg[11]/C	native_system/digital/serial/captured_reg[116]/D	-7.327	14.896	23
native_system/digital/burst/accumulator_reg[11]/C	native_system/digital/serial/captured_reg[117]/D	-7.327	14.896	23
native_system/digital/burst/accumulator_reg[11]/C	native_system/digital/serial/captured_reg[118]/D	-7.327	14.896	23
native_system/digital/burst/accumulator_reg[11]/C	native_system/digital/serial/captured_reg[119]/D	-7.327	14.896	23
native_system/digital/burst/accumulator_reg[11]/C	native_system/digital/serial/captured_reg[11]/D	-7.327	14.896	23
native_system/digital/burst/accumulator_reg[11]/C	native_system/digital/serial/captured_reg[120]/D	-7.327	14.896	23
native_system/digital/burst/accumulator_reg[11]/C	native_system/digital/serial/captured_reg[121]/D	-7.327	14.896	23
native_system/digital/burst/accumulator_reg[11]/C	native_system/digital/serial/captured_reg[122]/D	-7.327	14.896	23
native_system/digital/burst/accumulator_reg[11]/C	native_system/digital/serial/captured_reg[123]/D	-7.327	14.896	23
native_system/digital/burst/accumulator_reg[11]/C	native_system/digital/serial/captured_reg[124]/D	-7.327	14.896	23
native_system/digital/burst/accumulator_reg[11]/C	native_system/digital/serial/captured_reg[125]/D	-7.327	14.896	23
native_system/digital/burst/accumulator_reg[11]/C	native_system/digital/serial/captured_reg[126]/D	-7.327	14.896	23
native_system/digital/burst/accumulator_reg[11]/C	native_system/digital/serial/captured_reg[127]/D	-7.327	14.896	23
native_system/digital/burst/accumulator_reg[11]/C	native_system/digital/serial/captured_reg[12]/D	-7.327	14.896	23
native_system/digital/burst/accumulator_reg[11]/C	native_system/digital/serial/captured_reg[13]/D	-7.327	14.896	23
native_system/digital/burst/accumulator_reg[11]/C	native_system/digital/serial/captured_reg[14]/D	-7.327	14.896	23
native_system/digital/burst/accumulator_reg[11]/C	native_system/digital/serial/captured_reg[15]/D	-7.327	14.896	23
native_system/digital/burst/accumulator_reg[11]/C	native_system/digital/serial/captured_reg[16]/D	-7.327	14.896	23
native_system/digital/burst/accumulator_reg[11]/C	native_system/digital/serial/captured_reg[17]/D	-7.327	14.896	23
native_system/digital/burst/accumulator_reg[11]/C	native_system/digital/serial/captured_reg[18]/D	-7.327	14.896	23
native_system/digital/burst/accumulator_reg[11]/C	native_system/digital/serial/captured_reg[19]/D	-7.327	14.896	23
native_system/digital/burst/accumulator_reg[11]/C	native_system/digital/serial/captured_reg[1]/D	-7.327	14.896	23
native_system/digital/burst/accumulator_reg[11]/C	native_system/digital/serial/captured_reg[20]/D	-7.327	14.896	23
native_system/digital/burst/accumulator_reg[11]/C	native_system/digital/serial/captured_reg[21]/D	-7.327	14.896	23
native_system/digital/burst/accumulator_reg[11]/C	native_system/digital/serial/captured_reg[22]/D	-7.327	14.896	23
native_system/digital/burst/accumulator_reg[11]/C	native_system/digital/serial/captured_reg[23]/D	-7.327	14.896	23
native_system/digital/burst/accumulator_reg[11]/C	native_system/digital/serial/captured_reg[24]/D	-7.327	14.896	23
native_system/digital/burst/accumulator_reg[11]/C	native_system/digital/serial/captured_reg[25]/D	-7.327	14.896	23
native_system/digital/burst/accumulator_reg[11]/C	native_system/digital/serial/captured_reg[26]/D	-7.327	14.896	23
native_system/digital/burst/accumulator_reg[11]/C	native_system/digital/serial/captured_reg[27]/D	-7.327	14.896	23
native_system/digital/burst/accumulator_reg[11]/C	native_system/digital/serial/captured_reg[28]/D	-7.327	14.896	23
native_system/digital/burst/accumulator_reg[11]/C	native_system/digital/serial/captured_reg[29]/D	-7.327	14.896	23
native_system/digital/burst/accumulator_reg[11]/C	native_system/digital/serial/captured_reg[2]/D	-7.327	14.896	23
native_system/digital/burst/accumulator_reg[11]/C	native_system/digital/serial/captured_reg[30]/D	-7.327	14.896	23
native_system/digital/burst/accumulator_reg[11]/C	native_system/digital/serial/captured_reg[31]/D	-7.327	14.896	23
native_system/digital/burst/accumulator_reg[11]/C	native_system/digital/serial/captured_reg[32]/D	-7.327	14.896	23
native_system/digital/burst/accumulator_reg[11]/C	native_system/digital/serial/captured_reg[33]/D	-7.327	14.896	23
native_system/digital/burst/accumulator_reg[11]/C	native_system/digital/serial/captured_reg[34]/D	-7.327	14.896	23
native_system/digital/burst/accumulator_reg[11]/C	native_system/digital/serial/captured_reg[35]/D	-7.327	14.896	23
native_system/digital/burst/accumulator_reg[11]/C	native_system/digital/serial/captured_reg[36]/D	-7.327	14.896	23
native_system/digital/burst/accumulator_reg[11]/C	native_system/digital/serial/captured_reg[37]/D	-7.327	14.896	23
native_system/digital/burst/accumulator_reg[11]/C	native_system/digital/serial/captured_reg[38]/D	-7.327	14.896	23
native_system/digital/burst/accumulator_reg[11]/C	native_system/digital/serial/captured_reg[39]/D	-7.327	14.896	23
native_system/digital/burst/accumulator_reg[11]/C	native_system/digital/serial/captured_reg[3]/D	-7.327	14.896	23
native_system/digital/burst/accumulator_reg[11]/C	native_system/digital/serial/captured_reg[40]/D	-7.327	14.896	23
native_system/digital/burst/accumulator_reg[11]/C	native_system/digital/serial/captured_reg[41]/D	-7.327	14.896	23
native_system/digital/burst/accumulator_reg[11]/C	native_system/digital/serial/captured_reg[42]/D	-7.327	14.896	23
native_system/digital/burst/accumulator_reg[11]/C	native_system/digital/serial/captured_reg[43]/D	-7.327	14.896	23
native_system/digital/burst/accumulator_reg[11]/C	native_system/digital/serial/captured_reg[44]/D	-7.327	14.896	23
native_system/digital/burst/accumulator_reg[11]/C	native_system/digital/serial/captured_reg[45]/D	-7.327	14.896	23
native_system/digital/burst/accumulator_reg[11]/C	native_system/digital/serial/captured_reg[46]/D	-7.327	14.896	23
native_system/digital/burst/accumulator_reg[11]/C	native_system/digital/serial/captured_reg[47]/D	-7.327	14.896	23
native_system/digital/burst/accumulator_reg[11]/C	native_system/digital/serial/captured_reg[48]/D	-7.327	14.896	23
native_system/digital/burst/accumulator_reg[11]/C	native_system/digital/serial/captured_reg[49]/D	-7.327	14.896	23
native_system/digital/burst/accumulator_reg[11]/C	native_system/digital/serial/captured_reg[4]/D	-7.327	14.896	23
native_system/digital/burst/accumulator_reg[11]/C	native_system/digital/serial/captured_reg[50]/D	-7.327	14.896	23
native_system/digital/burst/accumulator_reg[11]/C	native_system/digital/serial/captured_reg[51]/D	-7.327	14.896	23
native_system/digital/burst/accumulator_reg[11]/C	native_system/digital/serial/captured_reg[52]/D	-7.327	14.896	23
native_system/digital/burst/accumulator_reg[11]/C	native_system/digital/serial/captured_reg[53]/D	-7.327	14.896	23
native_system/digital/burst/accumulator_reg[11]/C	native_system/digital/serial/captured_reg[54]/D	-7.327	14.896	23
native_system/digital/burst/accumulator_reg[11]/C	native_system/digital/serial/captured_reg[55]/D	-7.327	14.896	23
native_system/digital/burst/accumulator_reg[11]/C	native_system/digital/serial/captured_reg[56]/D	-7.327	14.896	23
native_system/digital/burst/accumulator_reg[11]/C	native_system/digital/serial/captured_reg[57]/D	-7.327	14.896	23
native_system/digital/burst/accumulator_reg[11]/C	native_system/digital/serial/captured_reg[58]/D	-7.327	14.896	23
native_system/digital/burst/accumulator_reg[11]/C	native_system/digital/serial/captured_reg[59]/D	-7.327	14.896	23
native_system/digital/burst/accumulator_reg[11]/C	native_system/digital/serial/captured_reg[5]/D	-7.327	14.896	23
native_system/digital/burst/accumulator_reg[11]/C	native_system/digital/serial/captured_reg[60]/D	-7.327	14.896	23
native_system/digital/burst/accumulator_reg[11]/C	native_system/digital/serial/captured_reg[61]/D	-7.327	14.896	23
native_system/digital/burst/accumulator_reg[11]/C	native_system/digital/serial/captured_reg[62]/D	-7.327	14.896	23
native_system/digital/burst/accumulator_reg[11]/C	native_system/digital/serial/captured_reg[63]/D	-7.327	14.896	23
native_system/digital/burst/accumulator_reg[11]/C	native_system/digital/serial/captured_reg[64]/D	-7.327	14.896	23
native_system/digital/burst/accumulator_reg[11]/C	native_system/digital/serial/captured_reg[65]/D	-7.327	14.896	23
native_system/digital/burst/accumulator_reg[11]/C	native_system/digital/serial/captured_reg[66]/D	-7.327	14.896	23
native_system/digital/burst/accumulator_reg[11]/C	native_system/digital/serial/captured_reg[67]/D	-7.327	14.896	23
native_system/digital/burst/accumulator_reg[11]/C	native_system/digital/serial/captured_reg[68]/D	-7.327	14.896	23
native_system/digital/burst/accumulator_reg[11]/C	native_system/digital/serial/captured_reg[69]/D	-7.327	14.896	23
native_system/digital/burst/accumulator_reg[11]/C	native_system/digital/serial/captured_reg[6]/D	-7.327	14.896	23
native_system/digital/burst/accumulator_reg[11]/C	native_system/digital/serial/captured_reg[70]/D	-7.327	14.896	23
native_system/digital/burst/accumulator_reg[11]/C	native_system/digital/serial/captured_reg[71]/D	-7.327	14.896	23
native_system/digital/burst/accumulator_reg[11]/C	native_system/digital/serial/captured_reg[72]/D	-7.327	14.896	23
native_system/digital/burst/accumulator_reg[11]/C	native_system/digital/serial/captured_reg[73]/D	-7.327	14.896	23
native_system/digital/burst/accumulator_reg[11]/C	native_system/digital/serial/captured_reg[74]/D	-7.327	14.896	23
native_system/digital/burst/accumulator_reg[11]/C	native_system/digital/serial/captured_reg[75]/D	-7.327	14.896	23
native_system/digital/burst/accumulator_reg[11]/C	native_system/digital/serial/captured_reg[76]/D	-7.327	14.896	23
native_system/digital/burst/accumulator_reg[11]/C	native_system/digital/serial/captured_reg[77]/D	-7.327	14.896	23
native_system/digital/burst/accumulator_reg[11]/C	native_system/digital/serial/captured_reg[78]/D	-7.327	14.896	23
native_system/digital/burst/accumulator_reg[11]/C	native_system/digital/serial/captured_reg[79]/D	-7.327	14.896	23
native_system/digital/burst/accumulator_reg[11]/C	native_system/digital/serial/captured_reg[7]/D	-7.327	14.896	23
native_system/digital/burst/accumulator_reg[11]/C	native_system/digital/serial/captured_reg[80]/D	-7.327	14.896	23
native_system/digital/burst/accumulator_reg[11]/C	native_system/digital/serial/captured_reg[81]/D	-7.327	14.896	23
native_system/digital/burst/accumulator_reg[11]/C	native_system/digital/serial/captured_reg[82]/D	-7.327	14.896	23
native_system/digital/burst/accumulator_reg[11]/C	native_system/digital/serial/captured_reg[83]/D	-7.327	14.896	23
native_system/digital/burst/accumulator_reg[11]/C	native_system/digital/serial/captured_reg[84]/D	-7.327	14.896	23
native_system/digital/burst/accumulator_reg[11]/C	native_system/digital/serial/captured_reg[85]/D	-7.327	14.896	23
native_system/digital/burst/accumulator_reg[11]/C	native_system/digital/serial/captured_reg[86]/D	-7.327	14.896	23
native_system/digital/burst/accumulator_reg[11]/C	native_system/digital/serial/captured_reg[87]/D	-7.327	14.896	23
native_system/digital/burst/accumulator_reg[11]/C	native_system/digital/serial/captured_reg[88]/D	-7.327	14.896	23
native_system/digital/burst/accumulator_reg[11]/C	native_system/digital/serial/captured_reg[89]/D	-7.327	14.896	23
native_system/digital/burst/accumulator_reg[11]/C	native_system/digital/serial/captured_reg[8]/D	-7.327	14.896	23
native_system/digital/burst/accumulator_reg[11]/C	native_system/digital/serial/captured_reg[90]/D	-7.327	14.896	23
native_system/digital/burst/accumulator_reg[11]/C	native_system/digital/serial/captured_reg[91]/D	-7.327	14.896	23
native_system/digital/burst/accumulator_reg[11]/C	native_system/digital/serial/captured_reg[92]/D	-7.327	14.896	23
native_system/digital/burst/accumulator_reg[11]/C	native_system/digital/serial/captured_reg[93]/D	-7.327	14.896	23
native_system/digital/burst/accumulator_reg[11]/C	native_system/digital/serial/captured_reg[94]/D	-7.327	14.896	23
native_system/digital/burst/accumulator_reg[11]/C	native_system/digital/serial/captured_reg[95]/D	-7.327	14.896	23
native_system/digital/burst/accumulator_reg[11]/C	native_system/digital/serial/captured_reg[96]/D	-7.327	14.896	23
native_system/digital/burst/accumulator_reg[11]/C	native_system/digital/serial/captured_reg[97]/D	-7.327	14.896	23
native_system/digital/burst/accumulator_reg[11]/C	native_system/digital/serial/captured_reg[98]/D	-7.327	14.896	23
native_system/digital/burst/accumulator_reg[11]/C	native_system/digital/serial/captured_reg[99]/D	-7.327	14.896	23
native_system/digital/burst/accumulator_reg[11]/C	native_system/digital/serial/captured_reg[9]/D	-7.327	14.896	23
native_system/digital/carrier_acc_reg[7]/C	native_system/digital/serial/busy_reg/D	-7.321	14.890	24
native_system/digital/carrier_acc_reg[7]/C	native_system/digital/frame_armed_reg/D	-6.642	14.211	23
native_system/digital/carrier_acc_reg[7]/C	native_system/digital/serial/overrun_reg/D	-6.634	14.203	23
native_system/digital/carrier_acc_reg[7]/C	native_system/digital/previous_phase_reg[0]/D	-4.329	11.898	20
native_system/digital/carrier_acc_reg[7]/C	native_system/digital/previous_phase_reg[1]/D	-4.329	11.898	20
native_system/digital/carrier_acc_reg[7]/C	native_system/digital/previous_phase_reg[2]/D	-4.329	11.898	20
native_system/digital/carrier_acc_reg[7]/C	native_system/digital/previous_phase_reg[3]/D	-4.329	11.898	20
native_system/digital/carrier_acc_reg[7]/C	native_system/digital/previous_phase_reg[4]/D	-4.329	11.898	20
native_system/digital/carrier_acc_reg[7]/C	native_system/digital/previous_phase_reg[5]/D	-4.329	11.898	20
native_system/digital/carrier_acc_reg[7]/C	native_system/digital/previous_phase_reg[6]/D	-4.329	11.898	20
native_system/digital/carrier_acc_reg[7]/C	native_system/digital/previous_phase_reg[7]/D	-4.329	11.898	20
native_system/queue/channel_reg[11]/C	native_system/queue/bus_wdata_reg[10]/D	-3.997	11.566	8
native_system/queue/channel_reg[11]/C	native_system/queue/bus_wdata_reg[11]/D	-3.997	11.566	8
native_system/queue/channel_reg[11]/C	native_system/queue/bus_wdata_reg[12]/D	-3.997	11.566	8
native_system/queue/channel_reg[11]/C	native_system/queue/bus_wdata_reg[13]/D	-3.997	11.566	8
native_system/queue/channel_reg[11]/C	native_system/queue/bus_wdata_reg[14]/D	-3.997	11.566	8
native_system/queue/channel_reg[11]/C	native_system/queue/bus_wdata_reg[15]/D	-3.991	11.560	8
native_system/queue/channel_reg[11]/C	native_system/queue/bus_wdata_reg[7]/D	-3.989	11.558	8
native_system/queue/channel_reg[11]/C	native_system/queue/bus_wdata_reg[8]/D	-3.989	11.558	8
native_system/queue/channel_reg[11]/C	native_system/queue/bus_wdata_reg[9]/D	-3.989	11.558	8
native_system/queue/channel_reg[11]/C	native_system/queue/bus_wdata_reg[16]/D	-3.985	11.554	8
native_system/queue/channel_reg[11]/C	native_system/queue/bus_wdata_reg[2]/D	-3.984	11.553	8
native_system/queue/channel_reg[11]/C	native_system/queue/bus_wdata_reg[3]/D	-3.983	11.552	8
native_system/queue/channel_reg[11]/C	native_system/queue/bus_wdata_reg[4]/D	-3.983	11.552	8
native_system/queue/channel_reg[11]/C	native_system/queue/bus_wdata_reg[5]/D	-3.983	11.552	8
native_system/queue/channel_reg[11]/C	native_system/queue/bus_wdata_reg[6]/D	-3.983	11.552	8
native_system/queue/channel_reg[11]/C	native_system/queue/bus_wdata_reg[1]/D	-3.978	11.547	8
native_system/queue/channel_reg[11]/C	native_system/queue/bus_wdata_reg[0]/D	-3.963	11.532	8
native_system/digital/cfg_reg[9][3]/C	native_system/digital/scheduler/issued_reg[0]/CE	-0.635	7.958	9
native_system/digital/cfg_reg[9][3]/C	native_system/digital/scheduler/issued_reg[10]/CE	-0.635	7.958	9
native_system/digital/cfg_reg[9][3]/C	native_system/digital/scheduler/issued_reg[11]/CE	-0.635	7.958	9
native_system/digital/cfg_reg[9][3]/C	native_system/digital/scheduler/issued_reg[12]/CE	-0.635	7.958	9
native_system/digital/cfg_reg[9][3]/C	native_system/digital/scheduler/issued_reg[13]/CE	-0.635	7.958	9
native_system/digital/cfg_reg[9][3]/C	native_system/digital/scheduler/issued_reg[14]/CE	-0.635	7.958	9
native_system/digital/cfg_reg[9][3]/C	native_system/digital/scheduler/issued_reg[15]/CE	-0.635	7.958	9
native_system/digital/cfg_reg[9][3]/C	native_system/digital/scheduler/issued_reg[16]/CE	-0.635	7.958	9
native_system/digital/cfg_reg[9][3]/C	native_system/digital/scheduler/issued_reg[17]/CE	-0.635	7.958	9
native_system/digital/cfg_reg[9][3]/C	native_system/digital/scheduler/issued_reg[18]/CE	-0.635	7.958	9
native_system/digital/cfg_reg[9][3]/C	native_system/digital/scheduler/issued_reg[19]/CE	-0.635	7.958	9
native_system/digital/cfg_reg[9][3]/C	native_system/digital/scheduler/issued_reg[1]/CE	-0.635	7.958	9
native_system/digital/cfg_reg[9][3]/C	native_system/digital/scheduler/issued_reg[20]/CE	-0.635	7.958	9
native_system/digital/cfg_reg[9][3]/C	native_system/digital/scheduler/issued_reg[21]/CE	-0.635	7.958	9
native_system/digital/cfg_reg[9][3]/C	native_system/digital/scheduler/issued_reg[22]/CE	-0.635	7.958	9
native_system/digital/cfg_reg[9][3]/C	native_system/digital/scheduler/issued_reg[23]/CE	-0.635	7.958	9
native_system/digital/cfg_reg[9][3]/C	native_system/digital/scheduler/issued_reg[24]/CE	-0.635	7.958	9
native_system/digital/cfg_reg[9][3]/C	native_system/digital/scheduler/issued_reg[25]/CE	-0.635	7.958	9
native_system/digital/cfg_reg[9][3]/C	native_system/digital/scheduler/issued_reg[26]/CE	-0.635	7.958	9
native_system/digital/cfg_reg[9][3]/C	native_system/digital/scheduler/issued_reg[27]/CE	-0.635	7.958	9
native_system/digital/cfg_reg[9][3]/C	native_system/digital/scheduler/issued_reg[28]/CE	-0.635	7.958	9
native_system/digital/cfg_reg[9][3]/C	native_system/digital/scheduler/issued_reg[29]/CE	-0.635	7.958	9
native_system/digital/cfg_reg[9][3]/C	native_system/digital/scheduler/issued_reg[2]/CE	-0.635	7.958	9
native_system/digital/cfg_reg[9][3]/C	native_system/digital/scheduler/issued_reg[30]/CE	-0.635	7.958	9
native_system/digital/cfg_reg[9][3]/C	native_system/digital/scheduler/issued_reg[31]/CE	-0.635	7.958	9
native_system/digital/cfg_reg[9][3]/C	native_system/digital/scheduler/issued_reg[3]/CE	-0.635	7.958	9
native_system/digital/cfg_reg[9][3]/C	native_system/digital/scheduler/issued_reg[4]/CE	-0.635	7.958	9
native_system/digital/cfg_reg[9][3]/C	native_system/digital/scheduler/issued_reg[5]/CE	-0.635	7.958	9
native_system/digital/cfg_reg[9][3]/C	native_system/digital/scheduler/issued_reg[6]/CE	-0.635	7.958	9
native_system/digital/cfg_reg[9][3]/C	native_system/digital/scheduler/issued_reg[7]/CE	-0.635	7.958	9
native_system/digital/cfg_reg[9][3]/C	native_system/digital/scheduler/issued_reg[8]/CE	-0.635	7.958	9
native_system/digital/cfg_reg[9][3]/C	native_system/digital/scheduler/issued_reg[9]/CE	-0.635	7.958	9
native_system/digital/cfg_reg[9][3]/C	native_system/digital/scheduler/frame_count_reg[0]/CE	-0.610	7.933	9
native_system/digital/cfg_reg[9][3]/C	native_system/digital/scheduler/frame_count_reg[10]/CE	-0.610	7.933	9
native_system/digital/cfg_reg[9][3]/C	native_system/digital/scheduler/frame_count_reg[1]/CE	-0.610	7.933	9
native_system/digital/cfg_reg[9][3]/C	native_system/digital/scheduler/frame_count_reg[2]/CE	-0.610	7.933	9
native_system/digital/cfg_reg[9][3]/C	native_system/digital/scheduler/frame_count_reg[3]/CE	-0.610	7.933	9
native_system/digital/cfg_reg[9][3]/C	native_system/digital/scheduler/frame_count_reg[4]/CE	-0.610	7.933	9
native_system/digital/cfg_reg[9][3]/C	native_system/digital/scheduler/frame_count_reg[5]/CE	-0.610	7.933	9
native_system/digital/cfg_reg[9][3]/C	native_system/digital/scheduler/frame_count_reg[6]/CE	-0.610	7.933	9
native_system/digital/cfg_reg[9][3]/C	native_system/digital/scheduler/frame_count_reg[7]/CE	-0.610	7.933	9
native_system/digital/cfg_reg[9][3]/C	native_system/digital/scheduler/frame_count_reg[8]/CE	-0.610	7.933	9
native_system/digital/cfg_reg[9][3]/C	native_system/digital/scheduler/frame_count_reg[9]/CE	-0.610	7.933	9
native_system/digital/cfg_reg[9][3]/C	native_system/digital/scheduler/wait_count_reg[0]/CE	-0.579	7.902	9
native_system/digital/cfg_reg[9][3]/C	native_system/digital/scheduler/wait_count_reg[10]/CE	-0.579	7.902	9
native_system/digital/cfg_reg[9][3]/C	native_system/digital/scheduler/wait_count_reg[11]/CE	-0.579	7.902	9
native_system/digital/cfg_reg[9][3]/C	native_system/digital/scheduler/wait_count_reg[12]/CE	-0.579	7.902	9
native_system/digital/cfg_reg[9][3]/C	native_system/digital/scheduler/wait_count_reg[13]/CE	-0.579	7.902	9
native_system/digital/cfg_reg[9][3]/C	native_system/digital/scheduler/wait_count_reg[14]/CE	-0.579	7.902	9
native_system/digital/cfg_reg[9][3]/C	native_system/digital/scheduler/wait_count_reg[15]/CE	-0.579	7.902	9
native_system/digital/cfg_reg[9][3]/C	native_system/digital/scheduler/wait_count_reg[16]/CE	-0.579	7.902	9
native_system/digital/cfg_reg[9][3]/C	native_system/digital/scheduler/wait_count_reg[17]/CE	-0.579	7.902	9
native_system/digital/cfg_reg[9][3]/C	native_system/digital/scheduler/wait_count_reg[18]/CE	-0.579	7.902	9
native_system/digital/cfg_reg[9][3]/C	native_system/digital/scheduler/wait_count_reg[19]/CE	-0.579	7.902	9
native_system/digital/cfg_reg[9][3]/C	native_system/digital/scheduler/wait_count_reg[1]/CE	-0.579	7.902	9
native_system/digital/cfg_reg[9][3]/C	native_system/digital/scheduler/wait_count_reg[20]/CE	-0.579	7.902	9
native_system/digital/cfg_reg[9][3]/C	native_system/digital/scheduler/wait_count_reg[21]/CE	-0.579	7.902	9
native_system/digital/cfg_reg[9][3]/C	native_system/digital/scheduler/wait_count_reg[22]/CE	-0.579	7.902	9
native_system/digital/cfg_reg[9][3]/C	native_system/digital/scheduler/wait_count_reg[23]/CE	-0.579	7.902	9
native_system/digital/cfg_reg[9][3]/C	native_system/digital/scheduler/wait_count_reg[24]/CE	-0.579	7.902	9
native_system/digital/cfg_reg[9][3]/C	native_system/digital/scheduler/wait_count_reg[25]/CE	-0.579	7.902	9
native_system/digital/cfg_reg[9][3]/C	native_system/digital/scheduler/wait_count_reg[26]/CE	-0.579	7.902	9
native_system/digital/cfg_reg[9][3]/C	native_system/digital/scheduler/wait_count_reg[27]/CE	-0.579	7.902	9
native_system/digital/cfg_reg[9][3]/C	native_system/digital/scheduler/wait_count_reg[28]/CE	-0.579	7.902	9
native_system/digital/cfg_reg[9][3]/C	native_system/digital/scheduler/wait_count_reg[29]/CE	-0.579	7.902	9
native_system/digital/cfg_reg[9][3]/C	native_system/digital/scheduler/wait_count_reg[2]/CE	-0.579	7.902	9
native_system/digital/cfg_reg[9][3]/C	native_system/digital/scheduler/wait_count_reg[30]/CE	-0.579	7.902	9
native_system/digital/cfg_reg[9][3]/C	native_system/digital/scheduler/wait_count_reg[31]/CE	-0.579	7.902	9
native_system/digital/cfg_reg[9][3]/C	native_system/digital/scheduler/wait_count_reg[3]/CE	-0.579	7.902	9
native_system/digital/cfg_reg[9][3]/C	native_system/digital/scheduler/wait_count_reg[4]/CE	-0.579	7.902	9
native_system/digital/cfg_reg[9][3]/C	native_system/digital/scheduler/wait_count_reg[5]/CE	-0.579	7.902	9
native_system/digital/cfg_reg[9][3]/C	native_system/digital/scheduler/wait_count_reg[6]/CE	-0.579	7.902	9
native_system/digital/cfg_reg[9][3]/C	native_system/digital/scheduler/wait_count_reg[7]/CE	-0.579	7.902	9
native_system/digital/cfg_reg[9][3]/C	native_system/digital/scheduler/wait_count_reg[8]/CE	-0.579	7.902	9
native_system/digital/cfg_reg[9][3]/C	native_system/digital/scheduler/wait_count_reg[9]/CE	-0.579	7.902	9
native_system/digital/cfg_reg[9][3]/C	native_system/digital/scheduler/total_reg[0]/CE	-0.006	7.329	8
native_system/digital/cfg_reg[9][3]/C	native_system/digital/scheduler/total_reg[10]/CE	-0.006	7.329	8
native_system/digital/cfg_reg[9][3]/C	native_system/digital/scheduler/total_reg[11]/CE	-0.006	7.329	8
native_system/digital/cfg_reg[9][3]/C	native_system/digital/scheduler/total_reg[12]/CE	-0.006	7.329	8
native_system/digital/cfg_reg[9][3]/C	native_system/digital/scheduler/total_reg[13]/CE	-0.006	7.329	8
native_system/digital/cfg_reg[9][3]/C	native_system/digital/scheduler/total_reg[14]/CE	-0.006	7.329	8
native_system/digital/cfg_reg[9][3]/C	native_system/digital/scheduler/total_reg[15]/CE	-0.006	7.329	8
native_system/digital/cfg_reg[9][3]/C	native_system/digital/scheduler/total_reg[16]/CE	-0.006	7.329	8
native_system/digital/cfg_reg[9][3]/C	native_system/digital/scheduler/total_reg[17]/CE	-0.006	7.329	8
native_system/digital/cfg_reg[9][3]/C	native_system/digital/scheduler/total_reg[18]/CE	-0.006	7.329	8
native_system/digital/cfg_reg[9][3]/C	native_system/digital/scheduler/total_reg[19]/CE	-0.006	7.329	8
native_system/digital/cfg_reg[9][3]/C	native_system/digital/scheduler/total_reg[1]/CE	-0.006	7.329	8
native_system/digital/cfg_reg[9][3]/C	native_system/digital/scheduler/total_reg[20]/CE	-0.006	7.329	8
native_system/digital/cfg_reg[9][3]/C	native_system/digital/scheduler/total_reg[21]/CE	-0.006	7.329	8
native_system/digital/cfg_reg[9][3]/C	native_system/digital/scheduler/total_reg[22]/CE	-0.006	7.329	8
native_system/digital/cfg_reg[9][3]/C	native_system/digital/scheduler/total_reg[23]/CE	-0.006	7.329	8
native_system/digital/cfg_reg[9][3]/C	native_system/digital/scheduler/total_reg[24]/CE	-0.006	7.329	8
native_system/digital/cfg_reg[9][3]/C	native_system/digital/scheduler/total_reg[25]/CE	-0.006	7.329	8
native_system/digital/cfg_reg[9][3]/C	native_system/digital/scheduler/total_reg[26]/CE	-0.006	7.329	8
native_system/digital/cfg_reg[9][3]/C	native_system/digital/scheduler/total_reg[27]/CE	-0.006	7.329	8
native_system/digital/cfg_reg[9][3]/C	native_system/digital/scheduler/total_reg[28]/CE	-0.006	7.329	8
native_system/digital/cfg_reg[9][3]/C	native_system/digital/scheduler/total_reg[29]/CE	-0.006	7.329	8
native_system/digital/cfg_reg[9][3]/C	native_system/digital/scheduler/total_reg[2]/CE	-0.006	7.329	8
native_system/digital/cfg_reg[9][3]/C	native_system/digital/scheduler/total_reg[30]/CE	-0.006	7.329	8
native_system/digital/cfg_reg[9][3]/C	native_system/digital/scheduler/total_reg[31]/CE	-0.006	7.329	8
native_system/digital/cfg_reg[9][3]/C	native_system/digital/scheduler/total_reg[3]/CE	-0.006	7.329	8
native_system/digital/cfg_reg[9][3]/C	native_system/digital/scheduler/total_reg[4]/CE	-0.006	7.329	8
native_system/digital/cfg_reg[9][3]/C	native_system/digital/scheduler/total_reg[5]/CE	-0.006	7.329	8
native_system/digital/cfg_reg[9][3]/C	native_system/digital/scheduler/total_reg[6]/CE	-0.006	7.329	8
native_system/digital/cfg_reg[9][3]/C	native_system/digital/scheduler/total_reg[7]/CE	-0.006	7.329	8
native_system/digital/cfg_reg[9][3]/C	native_system/digital/scheduler/total_reg[8]/CE	-0.006	7.329	8
native_system/digital/cfg_reg[9][3]/C	native_system/digital/scheduler/total_reg[9]/CE	-0.006	7.329	8
