source,package_pin,function_verbatim,direction,io_standard,bank_vcco
Zynq7020/constrain/gpio.const,U20,J3 Pin2,inout,UNKNOWN,UNKNOWN
Zynq7020/constrain/gpio.const,T20,J3 Pin1,inout,UNKNOWN,UNKNOWN
Zynq7020/constrain/gpio.const,N17,J3 Pin3,inout,UNKNOWN,UNKNOWN
Zynq7020/constrain/gpio.const,P18,J3 Pin4,inout,UNKNOWN,UNKNOWN
Zynq7020/constrain/gpio.const,T17,J3 Pin5,inout,UNKNOWN,UNKNOWN
Zynq7020/constrain/gpio.const,R18,J3 Pin6,inout,UNKNOWN,UNKNOWN
Zynq7020/constrain/gpio.const,U18,J3 Pin7,inout,UNKNOWN,UNKNOWN
Zynq7020/constrain/gpio.const,U19,J3 Pin8,inout,UNKNOWN,UNKNOWN
Zynq7020/constrain/gpio.const,V17,J3 Pin13,inout,UNKNOWN,UNKNOWN
Zynq7020/constrain/gpio.const,V18,J3 Pin14,inout,UNKNOWN,UNKNOWN
Zynq7020/constrain/gpio.const,T16,J3 Pin15,inout,UNKNOWN,UNKNOWN
Zynq7020/constrain/gpio.const,U17,J3 Pin16,inout,UNKNOWN,UNKNOWN
Zynq7020/constrain/gpio.const,T14,J3 Pin17,inout,UNKNOWN,UNKNOWN
Zynq7020/constrain/gpio.const,T15,J3 Pin18,inout,UNKNOWN,UNKNOWN
Zynq7020/constrain/gpio.const,U14,J3 Pin19,inout,UNKNOWN,UNKNOWN
Zynq7020/constrain/gpio.const,U15,J3 Pin20,inout,UNKNOWN,UNKNOWN
Zynq7020/constrain/gpio.const,H15,J4 Pin1,inout,UNKNOWN,UNKNOWN
Zynq7020/constrain/gpio.const,W16,J6 Pin1,inout,UNKNOWN,UNKNOWN
Zynq7020/constrain/gpio.const,V16,J6 Pin,inout,UNKNOWN,UNKNOWN
Zynq7020/constrain/gpio.const,V15,J6 Pin3,inout,UNKNOWN,UNKNOWN
Zynq7020/constrain/gpio.const,Y17,J6 Pin4,inout,UNKNOWN,UNKNOWN
Zynq7020/constrain/gpio.const,W15,J6 Pin5,inout,UNKNOWN,UNKNOWN
Zynq7020/constrain/gpio.const,Y16,J6 Pin6,inout,UNKNOWN,UNKNOWN
Zynq7020/constrain/gpio.const,Y14,J6 Pin7,inout,UNKNOWN,UNKNOWN
Zynq7020/constrain/gpio.const,W14,J6 Pin8,inout,UNKNOWN,UNKNOWN
Zynq7020/constrain/gpio.const,V13,J6 Pin13,inout,UNKNOWN,UNKNOWN
Zynq7020/constrain/gpio.const,U13,J6 Pin14,inout,UNKNOWN,UNKNOWN
Zynq7020/constrain/gpio.const,W13,J6 Pin15,inout,UNKNOWN,UNKNOWN
Zynq7020/constrain/gpio.const,V12,J6 Pin16,inout,UNKNOWN,UNKNOWN
Zynq7020/constrain/gpio.const,U12,J6 Pin17,inout,UNKNOWN,UNKNOWN
Zynq7020/constrain/gpio.const,T12,J6 Pin18,inout,UNKNOWN,UNKNOWN
Zynq7020/constrain/gpio.const,T11,J6 Pin19,inout,UNKNOWN,UNKNOWN
Zynq7020/constrain/gpio.const,T10,J6 Pin20,inout,UNKNOWN,UNKNOWN
Zynq7020/constrain/gpio.const,G15,J4 Pin2,inout,UNKNOWN,UNKNOWN
Zynq7020/constrain/gpio.const,F16,J4 Pin3,inout,UNKNOWN,UNKNOWN
Zynq7020/constrain/gpio.const,F17,J4 Pin4,inout,UNKNOWN,UNKNOWN
Zynq7020/constrain/gpio.const,E17,J4 Pin5,inout,UNKNOWN,UNKNOWN
Zynq7020/constrain/gpio.const,D18,J4 Pin6,inout,UNKNOWN,UNKNOWN
Zynq7020/constrain/gpio.const,E18,J4 Pin6,inout,UNKNOWN,UNKNOWN
Zynq7020/constrain/gpio.const,E19,J4 Pin8,inout,UNKNOWN,UNKNOWN
Zynq7020/constrain/gpio.const,B19,J4 Pin13,inout,UNKNOWN,UNKNOWN
Zynq7020/constrain/gpio.const,A20,J4 Pin14,inout,UNKNOWN,UNKNOWN
Zynq7020/constrain/gpio.const,C20,J4 Pin15,inout,UNKNOWN,UNKNOWN
Zynq7020/constrain/gpio.const,B20,J4 Pin16,inout,UNKNOWN,UNKNOWN
Zynq7020/constrain/gpio.const,D19,J4 Pin17,inout,UNKNOWN,UNKNOWN
Zynq7020/constrain/gpio.const,D20,J4 Pin18,inout,UNKNOWN,UNKNOWN
Zynq7020/constrain/gpio.const,F19,J4 Pin19,inout,UNKNOWN,UNKNOWN
Zynq7020/constrain/gpio.const,F20,J4 Pin20,inout,UNKNOWN,UNKNOWN
Zynq7020/constrain/gpio.const,G19,J5 Pin1,inout,UNKNOWN,UNKNOWN
Zynq7020/constrain/gpio.const,G20,J5 Pin2,inout,UNKNOWN,UNKNOWN
Zynq7020/constrain/gpio.const,G17,J5 Pin3,inout,UNKNOWN,UNKNOWN
Zynq7020/constrain/gpio.const,G18,J5 Pin4,inout,UNKNOWN,UNKNOWN
Zynq7020/constrain/gpio.const,H16,J5 Pin5,inout,UNKNOWN,UNKNOWN
Zynq7020/constrain/gpio.const,H17,J5 Pin6,inout,UNKNOWN,UNKNOWN
Zynq7020/constrain/gpio.const,K19,J5 Pin7,inout,UNKNOWN,UNKNOWN
Zynq7020/constrain/gpio.const,J19,J5 Pin8,inout,UNKNOWN,UNKNOWN
Zynq7020/constrain/gpio.const,L19,J5 Pin13,inout,UNKNOWN,UNKNOWN
Zynq7020/constrain/gpio.const,M19,J5 Pin15,inout,UNKNOWN,UNKNOWN
Zynq7020/constrain/gpio.const,M20,J5 Pin16,inout,UNKNOWN,UNKNOWN
Zynq7020/constrain/gpio.const,M17,J5 Pin17,inout,UNKNOWN,UNKNOWN
Zynq7020/constrain/gpio.const,M18,J5 Pin18,inout,UNKNOWN,UNKNOWN
Zynq7020/constrain/gpio.const,N20,J5 Pin19,inout,UNKNOWN,UNKNOWN
Zynq7020/constrain/gpio.const,P20,J5 Pin20,inout,UNKNOWN,UNKNOWN
Zynq7020/constrain/gpio.const,L20,J5 Pin14,inout,UNKNOWN,UNKNOWN
Zynq7020/constrain/hardware.const,W9,SW1,input,UNKNOWN,UNKNOWN
Zynq7020/constrain/hardware.const,N18,33MHZ,input,UNKNOWN,UNKNOWN
Zynq7020/constrain/hardware.const,Y7,SW5 Pin1,input,UNKNOWN,UNKNOWN
Zynq7020/constrain/hardware.const,Y6,SW5 pin2,input,UNKNOWN,UNKNOWN
Zynq7020/constrain/hardware.const,Y9,SW5 pin3,input,UNKNOWN,UNKNOWN
Zynq7020/constrain/hardware.const,J5,HDMI CEC,input,UNKNOWN,UNKNOWN
Zynq7020/constrain/hardware.const,J20,HDMI SCL,output,UNKNOWN,UNKNOWN
Zynq7020/constrain/hardware.const,H20,HDMI SDA,inout,UNKNOWN,UNKNOWN
Zynq7020/constrain/hardware.const,M14,HDMI HPD,input,UNKNOWN,UNKNOWN
Zynq7020/constrain/hardware.const,K18,HDMI CLK-,output,UNKNOWN,UNKNOWN
Zynq7020/constrain/hardware.const,K17,HDMI CLK+,output,UNKNOWN,UNKNOWN
Zynq7020/constrain/hardware.const,J14,HDMI D0-,output,UNKNOWN,UNKNOWN
Zynq7020/constrain/hardware.const,K14,HDMI D0+,output,UNKNOWN,UNKNOWN
Zynq7020/constrain/hardware.const,J16,HDMI D1-,output,UNKNOWN,UNKNOWN
Zynq7020/constrain/hardware.const,K16,HDMI D1+,output,UNKNOWN,UNKNOWN
Zynq7020/constrain/hardware.const,L15,HDMI D2-,output,UNKNOWN,UNKNOWN
Zynq7020/constrain/hardware.const,L14,HDMI D2+,output,UNKNOWN,UNKNOWN
Zynq7020/constrain/hardware.const,V5,SPI CS,output,UNKNOWN,UNKNOWN
Zynq7020/constrain/hardware.const,T9,SPI SCK,output,UNKNOWN,UNKNOWN
Zynq7020/constrain/hardware.const,V7,SPI SDI,output,UNKNOWN,UNKNOWN
Zynq7020/constrain/hardware.const,W11,SPI SDO,input,UNKNOWN,UNKNOWN
Zynq7020/constrain/hardware.const,Y11,SPI WP,output,UNKNOWN,UNKNOWN
Zynq7020/constrain/hardware.const,Y8,SPI Hold,output,UNKNOWN,UNKNOWN
Zynq7020/constrain/hardware.const,Y13,NRF CSN,output,UNKNOWN,UNKNOWN
Zynq7020/constrain/hardware.const,V11,NRF SCK,output,UNKNOWN,UNKNOWN
Zynq7020/constrain/hardware.const,V10,NRF MOSI,output,UNKNOWN,UNKNOWN
Zynq7020/constrain/hardware.const,V6,NRF MISO,input,UNKNOWN,UNKNOWN
Zynq7020/constrain/hardware.const,W6,NRF IRQ,input,UNKNOWN,UNKNOWN
Zynq7020/constrain/hardware.const,Y12,NRF CE,output,UNKNOWN,UNKNOWN
Zynq7020/constrain/hardware.const,R19,LED D12,output,UNKNOWN,UNKNOWN
Zynq7020/constrain/hardware.const,T19,LED D13,output,UNKNOWN,UNKNOWN
Zynq7020/constrain/hardware.const,W20,LED D14,output,UNKNOWN,UNKNOWN
Zynq7020/constrain/hardware.const,V20,LED D15,output,UNKNOWN,UNKNOWN
Zynq7020/constrain/hardware.const,G14,LED D16,output,UNKNOWN,UNKNOWN
Zynq7020/constrain/hardware.const,J18,LED D17,output,UNKNOWN,UNKNOWN
Zynq7020/constrain/hardware.const,Y18,LED D18,output,UNKNOWN,UNKNOWN
Zynq7020/constrain/hardware.const,Y19,LED D19,output,UNKNOWN,UNKNOWN
